DATE,N_POINTS,CYCLE_NUMBER,DATA_MODE,DIRECTION,PLATFORM_NUMBER,POSITION_QC,PRES,PRES_ERROR,PRES_QC,PSAL,PSAL_ERROR,PSAL_QC,TEMP,TEMP_ERROR,TEMP_QC,TIME_QC,LATITUDE,LONGITUDE,TIME
2023-01-01,0,108,D,A,2902769,1,0.3,2.4,1,33.91282,0.01,1,28.241,0.002,1,1,5.806,85.954,2023-01-01 03:23:36
2023-01-04,214,137,A,A,2902758,1,8.0,,1,30.713,,1,25.383,,1,1,19.114,88.653,2023-01-04 01:57:00
2023-01-05,321,225,D,A,2902294,1,18.91,2.4,1,34.34772,0.01,1,28.3223,0.002,1,1,6.981966,90.029938,2023-01-05 14:25:46
2023-01-06,1308,106,D,A,2902770,1,0.4,2.4,1,33.75704,0.01,1,27.03,0.002,1,1,12.603,86.188,2023-01-06 01:33:20
2023-01-08,1724,138,A,A,2902758,1,7.4,,1,31.929,,1,26.425,,1,1,18.989,88.551,2023-01-08 18:38:00
2023-01-09,1831,148,D,A,2902775,1,0.0,2.4,1,34.84056,0.01,1,28.29,0.002,1,1,7.104,83.531,2023-01-09 05:22:20
2023-01-10,2371,124,D,A,2902771,1,1.7,2.4,1,33.82061,0.01,1,28.416,0.002,1,1,5.211,84.725,2023-01-10 05:22:17
2023-01-11,3667,61,A,A,2902837,1,3.0,,1,34.443,,1,27.636,,1,1,10.873,86.008,2023-01-11 07:05:00
2023-01-13,3779,139,A,A,2902758,1,8.1,,1,31.914,,1,26.265,,1,1,18.899,88.427,2023-01-13 11:12:00
2023-01-15,3886,227,D,A,2902294,1,32.64,2.4,1,34.25051,0.01,1,28.3183,0.002,1,1,6.792287,89.933372,2023-01-15 16:22:47
2023-01-16,4866,62,A,A,2902837,1,3.3,2.4,1,33.69,0.01,1,27.099,0.002,1,1,10.891,86.049,2023-01-16 02:33:00
2023-01-18,5278,140,A,A,2902758,1,8.1,,1,30.814,,1,25.56,,1,1,18.804,88.309,2023-01-18 03:23:00
2023-01-19,5384,149,D,A,2902775,1,0.0,2.4,1,34.49406,0.01,1,27.964,0.002,1,1,6.333,83.328,2023-01-19 05:40:17
2023-01-20,5926,125,D,A,2902771,1,0.3,2.4,1,34.45728,0.01,1,28.395,0.002,1,1,5.221,84.763,2023-01-20 05:23:30
2023-01-22,6411,141,A,A,2902758,1,8.7,,1,30.748,,1,25.062,,1,1,18.686,88.248,2023-01-22 20:23:00
2023-01-25,6517,64,A,A,2902837,1,2.4,2.4,1,33.766,0.01,1,27.518,0.002,1,1,10.918,85.944,2023-01-25 17:14:00
2023-01-26,7622,108,D,A,2902770,1,0.2,2.4,1,33.94072,0.01,1,26.832,0.002,1,1,13.144,86.748,2023-01-26 05:24:20
2023-01-27,7926,142,A,A,2902758,1,7.6,,1,32.458,,1,26.372,,1,1,18.447,88.159,2023-01-27 13:54:00
2023-01-28,8033,111,D,A,2902766,1,0.2,2.4,1,32.28939,0.01,1,26.701,0.002,1,1,15.324,87.002,2023-01-28 21:41:55
2023-01-29,8135,150,D,A,2902775,1,0.4,2.4,1,34.23872,0.01,1,27.574,0.002,1,1,5.785,83.64,2023-01-29 05:30:46
2023-01-30,8676,126,D,A,2902771,1,0.0,2.4,1,34.01923,0.01,1,28.222,0.002,1,1,5.663,84.963,2023-01-30 05:27:21
2023-02-01,9982,143,A,A,2902758,1,7.9,,1,31.895,,1,26.196,,1,1,18.296,87.91,2023-02-01 10:36:00
2023-02-04,10094,66,A,A,2902837,1,3.3,,1,33.777,,1,27.824,,1,1,11.049,85.594,2023-02-04 08:40:00
2023-02-05,10206,109,D,A,2902770,1,0.1,2.4,1,33.57153,0.01,1,27.396,0.002,1,1,13.341,87.395,2023-02-05 07:28:53
2023-02-06,11512,144,A,A,2902758,1,7.7,,1,31.735,,1,26.504,,1,1,18.28,87.505,2023-02-06 07:30:00
2023-02-07,11624,112,D,A,2902766,1,0.2,2.4,1,31.72799,0.15107,1,28.033,0.002,1,1,15.364,86.712,2023-02-07 11:32:26
2023-02-08,11725,151,D,A,2902775,1,0.0,2.4,1,33.63351,0.01,1,28.373,0.002,1,1,6.417,84.483,2023-02-08 05:32:33
2023-02-09,12268,67,A,A,2902837,1,3.0,2.4,1,33.746,0.01,1,27.651,0.002,1,1,11.035,85.346,2023-02-09 04:24:00
2023-02-11,13553,145,A,A,2902758,1,7.7,,1,32.171,,1,26.488,,1,1,18.217,87.313,2023-02-11 04:17:00
2023-02-13,13665,68,A,A,2902837,1,2.7,,1,33.65,,1,27.843,,1,1,10.99,85.084,2023-02-13 23:56:00
2023-02-15,13777,233,D,A,2902294,1,32.76,2.4,1,33.6376,0.01,1,28.6566,0.002,1,1,7.29338,89.856567,2023-02-15 00:02:54
2023-02-16,16062,146,A,A,2902758,1,7.8,,1,32.073,,1,26.941,,1,1,18.195,87.196,2023-02-16 01:04:00
2023-02-17,16174,113,D,A,2902766,1,0.2,2.4,1,31.43117,0.01,1,26.268,0.002,1,1,15.274,86.435,2023-02-17 01:33:55
2023-02-18,16276,113,D,A,2902769,1,0.2,2.4,1,34.11385,0.01,1,28.158,0.002,1,1,6.98,86.045,2023-02-18 01:24:26
2023-02-19,16929,128,D,A,2902771,1,0.3,2.4,1,33.73869,0.01,1,28.499,0.002,1,1,5.478,85.094,2023-02-19 05:32:56
2023-02-20,17133,234,D,A,2902294,1,40.62,2.4,1,33.94011,0.01,1,28.4258,0.002,1,1,7.437565,89.890556,2023-02-20 01:09:26
2023-02-23,18221,70,A,A,2902837,1,2.6,,1,34.048,,1,28.124,,1,1,10.816,84.561,2023-02-23 15:38:00
2023-02-25,18333,235,D,A,2902294,1,4.27,2.4,1,34.01542,0.01,1,28.7314,0.002,1,1,7.467847,89.926056,2023-02-25 02:02:39
2023-02-26,19739,114,D,A,2902766,1,0.2,2.4,1,31.22949,0.01,1,26.971,0.002,1,1,15.159,86.279,2023-02-26 15:32:17
2023-02-27,19841,114,D,A,2902769,1,0.1,2.4,1,33.60369,0.01,1,28.336,0.002,1,1,6.875,85.863,2023-02-27 15:28:01
2023-02-28,19942,153,D,A,2902775,1,0.2,2.4,1,34.19567,0.01,1,28.238,0.002,1,1,7.479,85.44,2023-02-28 05:31:30
2023-03-01,20493,129,D,A,2902771,1,0.2,2.4,1,33.44148,0.01,1,28.754,0.002,1,1,5.008,84.98,2023-03-01 05:36:33
2023-03-02,20696,236,D,A,2902294,1,46.43,2.4,1,34.17441,0.01,1,28.6451,0.002,1,1,7.49788,89.915047,2023-03-02 03:22:37
2023-03-05,21778,72,A,A,2902837,1,3.2,,1,33.992,,1,28.206,,1,1,10.712,84.011,2023-03-05 07:48:00
2023-03-07,21890,237,D,A,2902294,1,4.21,2.4,1,34.23055,0.01,1,28.5817,0.002,1,1,7.538918,89.855072,2023-03-07 03:57:39
2023-03-08,23298,115,D,A,2902766,1,0.1,2.4,1,31.40777,0.01,1,27.503,0.002,1,1,15.1,86.182,2023-03-08 05:40:01
2023-03-09,23400,115,D,A,2902769,1,0.2,2.4,1,33.61261,0.01,1,28.682,0.002,1,1,6.738,85.618,2023-03-09 05:27:51
2023-03-10,23501,73,A,A,2902837,1,3.3,2.4,1,34.035,0.01,1,28.098,0.002,1,1,10.661,83.715,2023-03-10 03:27:00
2023-03-11,24055,114,D,A,2902765,1,0.0,2.4,1,33.74665,0.01,1,28.325,0.002,1,1,10.949,84.496,2023-03-11 23:27:04
2023-03-12,24157,238,D,A,2902294,1,62.52,2.4,1,34.36693,0.01,1,28.6835,0.002,1,1,7.559662,89.802628,2023-03-12 05:10:12
2023-03-14,25121,74,A,A,2902837,1,3.0,,1,34.073,,1,28.446,,1,1,10.557,83.383,2023-03-14 23:15:00
2023-03-17,25233,239,D,A,2902294,1,48.11,2.4,1,33.95423,0.01,1,28.4814,0.002,1,1,7.621573,89.711533,2023-03-17 06:59:10
2023-03-18,26611,116,D,A,2902769,1,0.0,2.4,1,33.70366,0.01,1,28.959,0.002,1,1,6.581,85.382,2023-03-18 19:23:14
2023-03-19,26712,75,A,A,2902837,1,3.5,,1,33.714,,1,28.515,,1,1,10.481,83.049,2023-03-19 19:14:00
2023-03-20,26824,155,D,A,2902775,1,0.1,2.4,1,33.37475,0.01558,1,29.301,0.002,1,1,7.742,85.794,2023-03-20 05:25:53
2023-03-22,27266,115,D,A,2902765,1,0.3,2.4,1,33.90396,0.01,1,28.538,0.002,1,1,10.731,83.654,2023-03-22 01:24:55
2023-03-24,27366,76,A,A,2902837,1,2.4,,1,33.596,,1,29.102,,1,1,10.41,82.729,2023-03-24 15:52:00
2023-03-27,27478,241,A,A,2902294,1,64.17,2.4,1,33.95534,0.08404,1,27.4618,0.002,1,1,7.696832,89.723106,2023-03-27 09:33:01
2023-03-28,28842,117,D,A,2902769,1,0.1,2.4,1,34.18215,0.04841,1,31.324,0.002,1,1,6.518,85.134,2023-03-28 09:25:25
2023-03-29,28943,77,A,A,2902837,1,2.9,,1,33.317,,1,29.55,,1,1,10.283,82.459,2023-03-29 11:58:00
2023-03-30,29054,156,D,A,2902775,1,0.2,2.4,1,33.78937,0.01151,1,29.888,0.002,1,1,7.74,85.733,2023-03-30 05:24:00
2023-03-31,29496,132,D,A,2902771,1,0.2,2.4,1,33.85722,0.01889,1,30.247,0.002,1,1,5.325,84.998,2023-03-31 05:24:52
2023-04-01,29598,116,D,A,2902765,1,0.2,2.4,1,33.45021,0.01,1,29.593,0.002,1,1,10.39,82.953,2023-04-01 03:25:31
2023-04-03,29699,78,A,A,2902837,1,3.3,,1,33.317,,1,30.152,,1,1,10.059,82.234,2023-04-03 07:35:00
2023-04-05,29811,118,D,A,2902766,1,0.2,2.4,1,32.37203,0.01,1,29.779,0.002,1,1,15.489,86.705,2023-04-05 23:34:34
2023-04-06,29913,115,D,A,2902770,1,0.2,2.4,1,33.10738,0.01,1,30.23,0.002,1,1,12.374,87.532,2023-04-06 19:22:20
2023-04-08,30318,79,A,A,2902837,1,3.5,,1,33.127,,1,29.881,,1,1,9.823,82.115,2023-04-08 03:17:00
2023-04-09,30430,157,D,A,2902775,1,0.1,2.4,1,33.23793,0.01,1,30.334,0.002,1,1,7.71,85.6,2023-04-09 05:30:30
2023-04-10,30870,133,D,A,2902771,1,0.2,2.4,1,34.23167,0.01,1,30.304,0.002,1,1,5.687,85.145,2023-04-10 05:29:55
2023-04-11,30971,117,D,A,2902765,1,0.1,2.4,1,33.72335,0.01,1,30.217,0.002,1,1,10.089,82.492,2023-04-11 05:22:55
2023-04-12,31072,80,A,A,2902837,1,3.3,,1,33.655,,1,30.244,,1,1,9.564,82.122,2023-04-12 23:02:00
2023-04-15,31184,119,D,A,2902766,1,0.3,2.4,1,32.50714,0.01,1,30.195,0.002,1,1,15.669,87.042,2023-04-15 13:32:47
2023-04-16,31286,119,D,A,2902769,1,0.0,2.4,1,33.07592,0.01,1,31.52,0.002,1,1,6.325,85.489,2023-04-16 13:28:31
2023-04-17,31687,81,A,A,2902837,1,3.5,,1,33.557,,1,30.811,,1,1,9.354,82.194,2023-04-17 19:24:00
2023-04-19,31799,158,D,A,2902775,1,0.4,2.4,1,33.39422,0.01138,1,31.053,0.002,1,1,7.696,85.489,2023-04-19 05:34:09
2023-04-20,32241,134,D,A,2902771,1,0.4,2.4,1,33.31616,0.01,1,30.746,0.002,1,1,5.596,85.563,2023-04-20 05:27:02
2023-04-21,32341,118,D,A,2902765,1,0.2,2.4,1,33.54173,0.01,1,31.175,0.002,1,1,9.829,82.337,2023-04-21 07:38:51
2023-04-22,32441,82,A,A,2902837,1,3.9,,1,33.055,,1,30.692,,1,1,9.257,82.334,2023-04-22 16:08:00
2023-04-25,32552,120,D,A,2902766,1,0.1,2.4,1,32.56425,0.01,1,30.086,0.002,1,1,15.592,87.388,2023-04-25 03:25:55
2023-04-26,32654,120,D,A,2902769,1,0.1,2.4,1,33.02551,0.01,1,30.943,0.002,1,1,5.961,86.271,2023-04-26 03:20:05
2023-04-27,33057,83,A,A,2902837,1,2.9,,1,33.611,,1,31.039,,1,1,9.261,82.465,2023-04-27 11:57:00
2023-04-29,33169,159,D,A,2902775,1,0.1,2.4,1,32.85481,0.01,1,30.947,0.002,1,1,7.685,85.483,2023-04-29 05:42:52
2023-04-30,33270,135,D,A,2902771,1,0.4,2.4,1,32.97517,0.01,1,31.01,0.002,1,1,5.329,85.862,2023-04-30 05:28:30
2023-05-01,33372,119,D,A,2902765,1,0.2,2.4,1,33.66573,0.01,1,31.216,0.002,1,1,9.855,82.144,2023-05-01 09:26:25
2023-05-02,33473,84,A,A,2902837,1,3.6,,1,33.662,,1,30.859,,1,1,9.357,82.519,2023-05-02 07:41:00
2023-05-04,33585,121,D,A,2902766,1,0.4,2.4,1,32.34362,0.01,1,31.201,0.002,1,1,15.456,87.65,2023-05-04 17:39:25
2023-05-05,33687,121,D,A,2902769,1,0.3,2.4,1,32.74192,0.01,1,30.461,0.002,1,1,5.37,86.741,2023-05-05 17:16:58
2023-05-07,33789,119,D,A,2902768,1,0.2,2.4,1,32.1403,0.01,1,30.752,0.002,1,1,13.524,83.796,2023-05-07 01:30:52
2023-05-09,34093,160,D,A,2902775,1,0.0,2.4,1,32.94987,0.01,1,30.017,0.002,1,1,7.631,85.542,2023-05-09 05:19:01
2023-05-11,34194,120,D,A,2902765,1,0.0,2.4,1,33.46497,0.01,1,30.386,0.002,1,1,9.716,81.655,2023-05-11 11:32:49
2023-05-12,34294,85,A,A,2902837,1,4.3,,1,33.374,,1,30.12,,1,1,9.541,82.301,2023-05-12 00:34:00
2023-05-14,34405,122,D,A,2902766,1,0.4,2.4,1,32.84874,0.01,1,29.088,0.002,1,1,15.652,87.637,2023-05-14 07:38:50
2023-05-15,34507,122,D,A,2902769,1,0.1,2.4,1,33.29254,0.01,1,29.445,0.002,1,1,5.367,87.139,2023-05-15 07:20:55
2023-05-16,34607,86,A,A,2902837,1,3.0,,1,33.572,,1,30.236,,1,1,9.405,82.229,2023-05-16 20:19:00
2023-05-17,34719,119,D,A,2902770,1,0.2,2.4,1,32.64216,0.01,1,29.572,0.002,1,1,12.619,87.77,2023-05-17 03:28:29
2023-05-19,35022,161,D,A,2902775,1,0.1,2.4,1,33.29298,0.01,1,29.626,0.002,1,1,7.682,85.609,2023-05-19 05:31:26
2023-05-21,35122,121,D,A,2902765,1,0.3,2.4,1,33.62281,0.01,1,30.676,0.002,1,1,8.731,81.749,2023-05-21 13:26:55
2023-05-23,35336,123,D,A,2902766,1,0.0,2.4,1,32.83408,0.01,1,29.917,0.002,1,1,15.876,87.45,2023-05-23 21:33:51
2023-05-24,35438,123,D,A,2902769,1,0.0,2.4,1,33.28451,0.01,1,29.454,0.002,1,1,5.547,87.381,2023-05-24 21:02:02
2023-05-26,35539,88,A,A,2902837,1,3.7,,1,33.602,,1,30.498,,1,1,9.345,82.053,2023-05-26 12:05:00
2023-05-27,35651,120,D,A,2902772,1,0.3,2.4,1,32.66039,0.01,1,30.311,0.002,1,1,13.595,86.804,2023-05-27 05:25:54
2023-05-29,35955,162,D,A,2902775,1,0.0,2.4,1,32.75774,0.01,1,30.147,0.002,1,1,7.975,85.756,2023-05-29 05:22:19
2023-05-31,36056,89,A,A,2902837,1,3.5,2.4,1,33.166,0.01,1,30.775,0.002,1,1,9.302,81.931,2023-05-31 08:56:00
2023-06-02,36270,124,D,A,2902766,1,0.4,2.4,1,32.54156,0.01,1,30.512,0.002,1,1,16.062,87.385,2023-06-02 11:31:50
2023-06-03,36372,124,D,A,2902769,1,0.3,2.4,1,33.74459,0.01,1,29.642,0.002,1,1,5.604,87.459,2023-06-03 11:09:32
2023-06-05,36474,90,A,A,2902837,1,125.5,,1,34.874,,1,19.325,,1,1,9.174,81.829,2023-06-05 05:00:00
2023-06-06,36518,121,D,A,2902770,1,0.1,2.4,1,32.65131,0.01,1,29.944,0.002,1,1,12.75,88.438,2023-06-06 07:31:11
2023-06-08,36822,163,D,A,2902775,1,0.3,2.4,1,33.07645,0.01,1,30.079,0.002,1,1,8.578,85.891,2023-06-08 05:30:30
2023-06-10,36922,91,A,A,2902837,1,4.0,2.4,1,32.764,0.01,1,30.205,0.002,1,1,9.178,81.831,2023-06-10 00:50:00
2023-06-12,37134,125,D,A,2902766,1,0.4,2.4,1,32.84756,0.01,1,29.98,0.002,1,1,16.12,87.492,2023-06-12 01:28:50
2023-06-13,37235,125,D,A,2902769,1,0.1,2.4,1,33.77203,0.01,1,29.436,0.002,1,1,5.473,87.313,2023-06-13 01:26:34
2023-06-14,37336,242,R,A,2902216,1,24.3,,1,34.011,,1,29.284,,1,1,5.52,81.842,2023-06-14 03:38:54
2023-06-16,37681,122,D,A,2902772,1,0.0,2.4,1,33.80312,0.01,1,29.655,0.002,1,1,14.345,86.707,2023-06-16 09:14:26
2023-06-17,38425,2,R,A,1902594,1,3.51,,1,34.058,,1,29.3918,,1,1,5.399399,80.20273483333334,2023-06-17 09:37:20
2023-06-18,38871,3,R,A,1902594,1,3.49,2.4,1,34.053,0.01,1,29.2881,0.002,1,1,5.417721666666667,80.36266466666666,2023-06-18 03:40:24
2023-06-19,39863,5,R,A,1902594,1,3.52,,1,34.129,,1,29.2294,,1,1,5.486162666666667,80.69890433333333,2023-06-19 15:26:46
2023-06-20,40196,124,D,A,2902765,1,0.2,2.4,1,33.25059,0.01,1,29.78,0.002,1,1,11.025,83.291,2023-06-20 19:27:25
2023-06-21,40297,126,D,A,2902766,1,0.1,2.4,1,33.53288,0.01,1,29.924,0.002,1,1,16.125,87.731,2023-06-21 15:33:50
2023-06-22,40399,126,D,A,2902769,1,0.4,2.4,1,33.4075,0.01,1,29.446,0.002,1,1,5.7,87.053,2023-06-22 15:18:58
2023-06-24,40501,94,A,A,2902837,1,4.5,,1,32.903,,1,29.884,,1,1,9.9,82.673,2023-06-24 14:00:00
2023-06-26,40612,123,D,A,2902770,1,0.3,2.4,1,33.18701,0.01,1,29.793,0.002,1,1,12.08,88.81,2023-06-26 11:34:21
2023-06-28,40916,165,D,A,2902775,1,0.1,2.4,1,33.4623,0.01,1,29.386,0.002,1,1,8.564,85.562,2023-06-28 05:28:20
2023-06-29,41015,95,A,A,2902837,1,3.5,,1,33.253,,1,29.606,,1,1,10.229,83.327,2023-06-29 09:37:00
2023-06-30,41349,125,D,A,2902765,1,0.2,2.4,1,33.52518,0.01,1,30.081,0.002,1,1,11.985,82.954,2023-06-30 21:37:20
2023-07-01,41451,127,D,A,2902766,1,0.4,2.4,1,33.52018,0.01,1,29.906,0.002,1,1,15.98,88.213,2023-07-01 05:36:26
2023-07-02,41553,127,D,A,2902769,1,0.1,2.4,1,34.19308,0.01,1,29.137,0.002,1,1,6.091,86.658,2023-07-02 05:31:44
2023-07-04,41651,96,A,A,2902837,1,3.3,,1,33.418,,1,29.182,,1,1,10.057,83.761,2023-07-04 05:45:00
2023-07-06,41762,124,D,A,2902770,1,0.1,2.4,1,32.56479,0.01,1,29.322,0.002,1,1,12.192,88.843,2023-07-06 13:32:33
2023-07-08,42065,166,D,A,2902775,1,0.2,2.4,1,33.55306,0.01,1,29.101,0.002,1,1,8.168,85.114,2023-07-08 05:27:52
2023-07-09,42167,97,A,A,2902837,1,3.6,,1,33.61,,1,28.926,,1,1,9.629,83.968,2023-07-09 01:52:00
2023-07-10,42501,128,D,A,2902766,1,1.9,2.4,1,33.41704,0.01,1,30.05,0.002,1,1,16.029,88.555,2023-07-10 19:30:25
2023-07-11,42701,128,D,A,2902769,1,0.1,2.4,1,34.12488,0.01,1,29.027,0.002,1,1,6.076,86.464,2023-07-11 19:31:15
2023-07-13,42803,98,A,A,2902837,1,3.3,,1,33.81,,1,28.587,,1,1,9.118,84.095,2023-07-13 21:36:00
2023-07-16,42915,125,D,A,2902772,1,0.0,2.4,1,33.02759,0.01,1,29.456,0.002,1,1,15.655,86.24,2023-07-16 15:27:52
2023-07-18,43219,167,D,A,2902775,1,0.2,2.4,1,33.50784,0.01,1,28.944,0.002,1,1,8.019,84.779,2023-07-18 05:34:27
2023-07-19,43428,8,R,A,1902594,1,3.54,,1,33.271,,1,29.2178,,1,1,8.482948,81.90294133333333,2023-07-19 01:16:23
2023-07-20,43651,129,D,A,2902766,1,0.3,2.4,1,32.91196,0.01,1,29.204,0.002,1,1,16.121,88.878,2023-07-20 09:30:27
2023-07-21,43752,127,D,A,2902765,1,0.4,2.4,1,33.59192,0.01,1,29.544,0.002,1,1,12.652,82.863,2023-07-21 01:23:25
2023-07-23,43956,100,A,A,2902837,1,4.3,,1,33.486,,1,29.204,,1,1,9.207,84.276,2023-07-23 13:11:00
2023-07-24,44067,246,R,A,2902216,1,24.1,,1,34.661,,1,28.582,,1,1,5.063,82.124,2023-07-24 02:33:57
2023-07-26,44300,126,D,A,2902772,1,0.3,2.4,1,33.46484,0.01,1,28.22,0.002,1,1,15.99,86.332,2023-07-26 17:27:39
2023-07-28,44602,168,D,A,2902775,1,0.4,2.4,1,33.48207,0.01,1,29.186,0.002,1,1,7.871,84.544,2023-07-28 05:29:45
2023-07-29,45036,133,A,A,2902764,1,0.2,2.4,1,33.69,0.01,1,29.143,0.002,1,1,5.084,87.799,2023-07-29 03:49:20
2023-07-30,45235,130,D,A,2902769,1,0.0,2.4,1,34.07777,0.01,1,29.02,0.002,1,1,5.129,86.045,2023-07-30 23:22:21
2023-07-31,45335,128,D,A,2902765,1,0.2,2.4,1,33.64499,0.01,1,29.26,0.002,1,1,12.583,83.082,2023-07-31 03:33:29
2023-08-02,45437,102,A,A,2902837,1,4.3,,1,33.807,,1,29.389,,1,1,9.882,84.103,2023-08-02 05:56:00
2023-08-05,45548,128,D,A,2902768,1,0.2,2.4,1,33.41099,0.01,1,28.804,0.002,1,1,14.358,85.289,2023-08-05 19:28:34
2023-08-07,45849,103,A,A,2902837,1,3.6,2.4,1,33.788,0.01,1,29.289,0.002,1,1,10.278,83.933,2023-08-07 04:25:00
2023-08-08,46285,134,A,A,2902764,1,0.2,2.4,1,34.066,0.01,1,29.045,0.002,1,1,5.091,88.229,2023-08-08 05:47:19
2023-08-09,46488,131,D,A,2902769,1,0.1,2.4,1,34.22087,0.01,1,28.875,0.002,1,1,5.094,86.007,2023-08-09 13:26:02
2023-08-10,46588,129,D,A,2902765,1,0.3,2.4,1,33.62678,0.01,1,29.5,0.002,1,1,12.087,83.286,2023-08-10 05:34:04
2023-08-12,46690,104,A,A,2902837,1,3.3,,1,33.997,,1,29.534,,1,1,10.58,83.901,2023-08-12 00:53:00
2023-08-15,46801,128,D,A,2902770,1,1.7,2.4,1,33.15905,0.01,1,29.344,0.002,1,1,12.729,89.427,2023-08-15 21:32:33
2023-08-16,47103,105,A,A,2902837,1,4.5,,1,33.466,,1,29.327,,1,1,10.875,83.948,2023-08-16 20:43:00
2023-08-17,47214,170,D,A,2902775,1,0.0,2.4,1,34.53561,0.01,1,28.821,0.002,1,1,7.162,84.011,2023-08-17 05:21:55
2023-08-18,47537,132,D,A,2902766,1,0.2,2.4,1,32.16787,0.01,1,29.104,0.002,1,1,15.464,88.797,2023-08-18 03:35:34
2023-08-19,47639,132,D,A,2902769,1,0.0,2.4,1,34.18535,0.01,1,28.66,0.002,1,1,5.046,86.113,2023-08-19 03:23:43
2023-08-20,47740,130,D,A,2902765,1,0.2,2.4,1,33.58141,0.01,1,29.558,0.002,1,1,11.552,83.3,2023-08-20 07:38:26
2023-08-21,47841,106,A,A,2902837,1,4.0,,1,33.241,,1,29.364,,1,1,11.153,84.021,2023-08-21 16:45:00
2023-08-25,47941,129,D,A,2902770,1,0.3,2.4,1,33.26361,0.01,1,29.391,0.002,1,1,12.216,89.829,2023-08-25 23:31:36
2023-08-27,48243,12,R,A,1902594,1,3.47,2.4,1,34.169,0.01,1,29.6067,0.002,1,1,9.663212499999998,83.12829283333333,2023-08-27 04:55:08
2023-08-28,48687,136,A,A,2902764,1,0.4,,1,33.727,,1,29.672,,1,1,5.055,88.983,2023-08-28 09:42:54
2023-08-30,48788,131,D,A,2902765,1,0.2,2.4,1,33.31079,0.01,1,29.768,0.002,1,1,11.796,83.467,2023-08-30 09:40:19
2023-08-31,48890,107,A,A,2902837,1,3.5,,1,33.544,,1,29.846,,1,1,11.753,84.185,2023-08-31 08:37:00
2023-09-05,49002,131,D,A,2902768,1,0.1,2.4,1,33.25079,0.01,1,29.444,0.002,1,1,13.488,84.658,2023-09-05 01:33:26
2023-09-06,49658,172,D,A,2902775,1,0.3,2.4,1,34.29626,0.01,1,28.842,0.002,1,1,7.065,84.162,2023-09-06 05:32:43
2023-09-07,49857,137,A,A,2902764,1,0.3,,1,33.824,,1,29.148,,1,1,5.667,89.154,2023-09-07 11:29:25
2023-09-09,49959,132,D,A,2902765,1,0.1,2.4,1,33.69712,0.01,1,29.515,0.002,1,1,12.406,83.19,2023-09-09 11:26:25
2023-09-10,50059,109,A,A,2902837,1,4.1,,1,33.289,,1,29.287,,1,1,12.05,84.455,2023-09-10 01:05:00
2023-09-14,50170,110,A,A,2902837,1,3.2,,1,33.433,,1,29.223,,1,1,11.995,84.704,2023-09-14 21:13:00
2023-09-15,50237,131,D,A,2902770,1,0.0,2.4,1,33.2155,0.01,1,28.916,0.002,1,1,11.965,89.792,2023-09-15 03:31:29
2023-09-16,50883,173,D,A,2902775,1,0.1,2.4,1,34.50493,0.01,1,28.835,0.002,1,1,7.319,84.681,2023-09-16 05:22:34
2023-09-17,50984,138,A,A,2902764,1,0.1,,1,33.031,,1,29.202,,1,1,5.804,89.298,2023-09-17 13:53:55
2023-09-18,51086,1,D,A,5907082,1,0.3,2.4,1,33.294,0.01,1,29.07,0.002,1,1,13.25,83.76666666666667,2023-09-18 14:26:52
2023-09-19,51117,133,D,A,2902765,1,0.0,2.4,1,33.26075,0.01,1,29.064,0.002,1,1,12.664,83.085,2023-09-19 13:29:56
2023-09-20,51410,1,D,A,7901125,1,0.1,2.4,1,32.972,0.01,1,28.65,0.002,1,1,13.483333333333333,89.05,2023-09-20 14:28:28
2023-09-21,51439,1,D,A,2903891,1,0.2,2.4,1,33.288,0.01,1,29.114,0.002,1,1,12.35,88.93333333333334,2023-09-21 14:23:28
2023-09-22,51542,1,D,A,7901127,1,0.3,2.4,1,33.998,0.01,1,28.923,0.002,1,1,9.7,88.53333333333333,2023-09-22 14:07:38
2023-09-23,51603,1,D,A,2903892,1,0.4,2.4,1,32.975,0.01,1,29.237,0.002,1,1,7.183333333333334,88.46666666666667,2023-09-23 14:28:05
2023-09-25,51618,132,D,A,2902770,1,0.3,2.4,1,32.98806,0.01,1,28.622,0.002,1,1,11.976,89.633,2023-09-25 05:26:50
2023-09-26,52263,174,D,A,2902775,1,0.2,2.4,1,34.42621,0.01,1,28.994,0.002,1,1,7.444,85.07,2023-09-26 05:36:08
2023-09-27,52497,1,D,A,6990608,1,0.0,2.4,1,33.65,0.01,1,28.654,0.002,1,1,8.566666666666666,89.85,2023-09-27 14:16:44
2023-09-28,52636,2,D,A,6990608,1,0.0,2.4,1,33.604,0.01,1,28.553,0.002,1,1,8.516666666666667,89.86666666666666,2023-09-28 13:59:30
2023-09-29,52836,3,D,A,6990608,1,0.1,2.4,1,33.571,0.01,1,28.591,0.002,1,1,8.466666666666667,89.88333333333334,2023-09-29 14:02:16
2023-09-30,53310,2,D,A,7901125,1,0.4,2.4,1,33.007,0.01,1,28.755,0.002,1,1,14.116666666666667,88.95,2023-09-30 14:02:02
2023-10-01,53510,2,D,A,7901126,1,0.3,2.4,1,33.425,0.01,1,28.58,0.002,1,1,11.633333333333333,88.58333333333333,2023-10-01 13:47:57
2023-10-02,53816,6,D,A,6990608,1,0.1,2.4,1,33.445,0.01,1,28.683,0.002,1,1,8.25,89.86666666666666,2023-10-02 13:40:00
2023-10-03,54122,7,D,A,6990608,1,0.1,2.4,1,33.452,0.01,1,28.646,0.002,1,1,8.183333333333334,89.86666666666666,2023-10-03 13:44:27
2023-10-04,54326,8,D,A,6990608,1,0.1,2.4,1,33.392,0.01,1,28.584,0.002,1,1,8.116666666666667,89.86666666666666,2023-10-04 14:00:59
2023-10-05,54426,137,D,A,2902766,1,0.1,2.4,1,32.68193,0.01,1,29.244,0.002,1,1,15.118,87.533,2023-10-05 01:30:50
2023-10-06,55174,137,D,A,2902769,1,0.2,2.4,1,33.70795,0.01,1,28.846,0.002,1,1,5.686,86.764,2023-10-06 01:31:59
2023-10-07,55578,11,D,A,6990608,1,0.2,2.4,1,33.186,0.01,1,28.763,0.002,1,1,7.933333333333334,89.85,2023-10-07 13:54:03
2023-10-08,55678,12,D,A,6990608,1,0.3,2.4,1,32.908,0.01,1,28.776,0.002,1,1,7.883333333333333,89.85,2023-10-08 13:55:13
2023-10-09,55881,3,D,A,5907083,1,0.1,2.4,1,34.14065,0.016,2,29.444,0.002,1,1,13.216666666666667,87.1,2023-10-09 13:51:27
2023-10-10,56382,14,D,A,6990608,1,0.1,2.4,1,33.207,0.01,1,29.161,0.002,1,1,7.766666666666667,89.83333333333333,2023-10-10 13:54:25
2023-10-11,56586,3,D,A,4903776,1,0.4,2.4,1,33.243,0.01,1,29.257,0.002,1,1,10.95,88.55,2023-10-11 13:49:32
2023-10-12,56989,3,D,A,6990609,1,0.1,2.4,1,33.224,0.01,1,28.829,0.002,1,1,8.416666666666666,88.96666666666667,2023-10-12 14:01:25
2023-10-13,57291,3,D,A,2903892,1,0.2,2.4,1,33.198,0.01,1,29.007,0.002,1,1,6.633333333333333,89.01666666666667,2023-10-13 13:59:55
2023-10-14,57493,138,D,A,2902766,1,0.2,2.4,1,32.20153,0.01165,1,30.324,0.002,1,1,15.219,87.591,2023-10-14 15:37:28
2023-10-15,57595,17,R,A,1902594,1,3.55,2.4,1,33.509,0.01224,1,29.8366,0.002,1,1,12.722104000000002,82.89659483333335,2023-10-15 01:00:42
2023-10-16,58239,176,D,A,2902775,1,0.3,2.4,1,33.66283,0.01,1,29.117,0.002,1,1,7.501,85.798,2023-10-16 05:25:34
2023-10-18,58443,4,D,A,5907082,1,0.0,2.4,1,33.478,0.01,1,29.714,0.002,1,1,12.866666666666667,83.68333333333334,2023-10-18 14:16:30
2023-10-19,58613,4,D,A,4903775,1,0.2,2.4,1,33.597,0.01,1,29.675,0.002,1,1,13.0,85.78333333333333,2023-10-19 14:10:17
2023-10-20,59021,4,D,A,7901125,1,0.2,2.4,1,32.953,0.01,1,29.822,0.002,1,1,14.95,89.46666666666667,2023-10-20 14:13:58
2023-10-21,59123,4,D,A,4903776,1,0.2,2.4,1,33.348,0.01,1,29.092,0.002,1,1,11.183333333333334,88.61666666666666,2023-10-21 13:56:55
2023-10-22,59429,4,D,A,6990609,1,0.3,2.4,1,33.247,0.01,1,28.795,0.002,1,1,8.5,88.88333333333334,2023-10-22 13:50:28
2023-10-23,59633,4,D,A,2903892,1,0.2,2.4,1,33.073,0.01,1,28.92,0.002,1,1,6.333333333333333,89.26666666666667,2023-10-23 13:53:26
2023-10-24,59873,139,D,A,2902766,1,0.2,2.4,1,32.71606,0.01,1,29.267,0.002,1,1,15.449,87.787,2023-10-24 05:34:15
2023-10-25,60217,139,D,A,2902769,1,0.0,2.4,1,32.33734,0.03668,1,29.969,0.002,1,1,5.498,87.267,2023-10-25 05:30:41
2023-10-26,60622,177,D,A,2902775,1,0.3,2.4,1,33.48951,0.01821,1,29.818,0.002,1,1,7.798,86.053,2023-10-26 05:23:31
2023-10-28,60825,114,A,A,2902837,1,3.4,2.4,1,33.48,0.01,1,29.408,0.002,1,1,11.072,85.109,2023-10-28 11:42:00
2023-10-29,60962,5,D,A,4903775,1,0.3,2.4,1,33.66,0.01,1,29.142,0.002,1,1,12.983333333333333,86.18333333333334,2023-10-29 13:56:26
2023-10-30,61369,5,D,A,7901125,1,0.4,2.4,1,32.865,0.01,1,29.431,0.002,1,1,14.433333333333334,89.65,2023-10-30 14:00:51
2023-10-31,61471,5,D,A,4903776,1,0.4,2.4,1,33.328,0.01,1,29.932,0.002,1,1,11.616666666666667,88.58333333333333,2023-10-31 14:06:19
2023-11-01,61777,5,D,A,6990609,1,0.0,2.4,1,33.537,0.01,1,29.779,0.002,1,1,8.633333333333333,88.73333333333333,2023-11-01 13:43:04
2023-11-02,61981,19,D,A,6990608,1,0.4,2.4,1,33.001,0.01,1,29.35,0.002,1,1,7.366666666666666,89.48333333333333,2023-11-02 13:51:49
2023-11-03,62285,19,R,A,1902594,1,3.49,,1,34.088,,1,29.4876,,1,1,12.686230833333331,83.39716883333334,2023-11-03 13:42:38
2023-11-04,62527,136,D,A,2902772,1,0.4,2.4,1,32.99269,0.01,1,29.65,0.002,1,1,15.675,86.883,2023-11-04 13:23:26
2023-11-05,62831,178,D,A,2902775,1,0.1,2.4,1,33.87668,0.01,1,29.223,0.002,1,1,7.888,86.391,2023-11-05 05:23:15
2023-11-07,63035,6,D,A,5907082,1,0.2,2.4,1,33.45,0.01,1,29.831,0.002,1,1,12.116666666666667,83.48333333333333,2023-11-07 13:58:55
2023-11-08,63137,6,D,A,5907083,1,0.2,2.4,1,33.74353,0.016,2,29.613,0.002,1,1,13.933333333333334,87.43333333333334,2023-11-08 13:58:41
2023-11-09,63545,6,D,A,7901125,1,0.3,2.4,1,32.394,0.01,1,29.689,0.002,1,1,13.7,89.3,2023-11-09 14:00:25
2023-11-10,63646,6,D,A,4903776,1,0.2,2.4,1,33.103,0.01,1,29.704,0.002,1,1,11.85,88.71666666666667,2023-11-10 14:07:03
2023-11-11,63951,6,D,A,6990609,1,0.2,2.4,1,33.642,0.01,1,30.239,0.002,1,1,8.966666666666667,88.45,2023-11-11 14:03:55
2023-11-12,64155,141,D,A,2902766,1,0.0,2.4,1,33.1071,0.01,1,29.353,0.002,1,1,15.523,88.829,2023-11-12 09:32:39
2023-11-13,64459,20,R,A,1902594,1,3.47,,1,33.545,,1,29.6042,,1,1,12.690557666666667,83.95339100000001,2023-11-13 08:08:33
2023-11-14,64701,137,D,A,2902770,1,0.2,2.4,1,33.22054,0.01,1,29.313,0.002,1,1,12.104,88.852,2023-11-14 15:29:35
2023-11-15,65006,179,D,A,2902775,1,0.0,2.4,1,33.46108,0.01,1,29.637,0.002,1,1,7.705,86.44,2023-11-15 05:22:33
2023-11-17,65209,7,D,A,5907082,1,0.2,2.4,1,33.469,0.01,1,29.54,0.002,1,1,12.466666666666667,83.35,2023-11-17 14:04:55
2023-11-18,65310,7,D,A,4903775,1,0.3,2.4,1,33.4,0.01,1,29.327,0.002,1,1,13.366666666666667,86.48333333333333,2023-11-18 14:05:43
2023-11-19,65612,139,D,A,2902765,1,0.4,2.4,1,33.59616,0.01,1,29.182,0.002,1,1,12.157,83.893,2023-11-19 01:29:55
2023-11-20,65815,7,D,A,7901126,1,0.0,2.4,1,33.365,0.01,1,29.504,0.002,1,1,11.85,87.5,2023-11-20 13:59:55
2023-11-21,66121,7,D,A,7901127,1,0.4,2.4,1,33.534,0.01,1,29.566,0.002,1,1,10.483333333333333,88.73333333333333,2023-11-21 13:52:26
2023-11-22,66425,7,D,A,2903892,1,0.2,2.4,1,32.395,0.01,1,29.7,0.002,1,1,7.683333333333334,89.2,2023-11-22 13:55:55
2023-11-23,66629,21,R,A,1902594,1,3.46,,1,33.49,,1,29.158,,1,1,12.290422333333334,84.283852,2023-11-23 02:31:55
2023-11-24,66871,138,D,A,2902772,1,0.0,2.4,1,33.52876,0.01,1,29.181,0.002,1,1,15.903,87.532,2023-11-24 17:24:56
2023-11-25,67173,180,D,A,2902775,1,0.1,2.4,1,33.29002,0.01,1,29.618,0.002,1,1,7.618,86.324,2023-11-25 05:35:52
2023-11-27,67375,145,A,A,2902764,1,0.0,2.4,1,32.731,0.01,1,29.598,0.002,1,1,5.116,88.194,2023-11-27 03:41:25
2023-11-28,67577,8,D,A,4903775,1,0.2,2.4,1,33.34,0.01,1,29.116,0.002,1,1,13.733333333333333,86.4,2023-11-28 14:12:25
2023-11-29,67878,140,D,A,2902765,1,0.0,2.4,1,33.52414,0.01,1,29.221,0.002,1,1,12.039,83.803,2023-11-29 03:33:34
2023-11-30,68079,8,D,A,7901126,1,0.3,2.4,1,33.571,0.01,1,29.105,0.002,1,1,11.883333333333333,87.33333333333333,2023-11-30 13:59:50
2023-12-01,68385,143,D,A,2902766,1,0.2,2.4,1,32.42705,0.01,1,28.656,0.002,1,1,14.925,89.083,2023-12-01 13:38:56
2023-12-02,68690,143,D,A,2902769,1,0.2,2.4,1,32.72791,0.01,1,29.163,0.002,1,1,5.338,87.377,2023-12-02 13:21:32
2023-12-04,69238,140,D,A,2902768,1,0.1,2.4,1,33.61675,0.01,1,28.713,0.002,1,1,11.869,85.847,2023-12-04 19:28:56
2023-12-05,69540,181,D,A,2902775,1,0.2,2.4,1,33.1665,0.01,1,29.031,0.002,1,1,7.721,86.332,2023-12-05 05:27:58
2023-12-07,69739,146,A,A,2902764,1,0.0,2.4,1,32.761,0.01,1,29.36,0.002,1,1,5.134,88.145,2023-12-07 05:46:25
2023-12-08,69940,9,D,A,5907083,1,0.1,2.4,1,33.89521,0.016,2,29.015,0.002,1,1,14.65,87.13333333333334,2023-12-08 14:01:03
2023-12-09,70241,141,D,A,2902765,1,0.4,2.4,1,33.12368,0.01,1,28.963,0.002,1,1,11.77,83.486,2023-12-09 05:23:31
2023-12-10,70442,9,D,A,7901126,1,0.0,2.4,1,33.359,0.01,1,29.062,0.002,1,1,11.883333333333333,87.15,2023-12-10 14:06:16
2023-12-11,70748,144,D,A,2902766,1,0.1,2.4,1,32.12073,0.01,1,28.421,0.002,1,1,14.504,88.798,2023-12-11 03:39:56
2023-12-12,71053,144,D,A,2902769,1,0.3,2.4,1,32.7244,0.01,1,29.273,0.002,1,1,5.516,87.366,2023-12-12 03:24:16
2023-12-14,71600,140,D,A,2902772,1,0.4,2.4,1,32.14264,0.01,1,28.262,0.002,1,1,15.305,88.815,2023-12-14 21:24:05
2023-12-15,71902,182,D,A,2902775,1,0.0,2.4,1,32.61643,0.01,1,29.184,0.002,1,1,7.877,86.318,2023-12-15 05:27:23
2023-12-17,72106,10,D,A,5907082,1,0.2,2.4,1,33.718,0.01,1,28.436,0.002,1,1,12.383333333333333,84.11666666666666,2023-12-17 14:06:34
2023-12-18,72208,10,D,A,5907083,1,0.3,2.4,1,34.03144,0.016,2,28.285,0.002,1,1,14.3,86.86666666666666,2023-12-18 14:06:31
2023-12-19,72510,142,D,A,2902765,1,0.4,2.4,1,33.24803,0.01,1,28.782,0.002,1,1,11.465,83.412,2023-12-19 07:37:49
2023-12-20,72711,10,D,A,7901126,1,0.2,2.4,1,33.149,0.01,1,28.949,0.002,1,1,11.866666666666667,87.06666666666666,2023-12-20 14:02:14
2023-12-21,73118,10,D,A,6990609,1,0.3,2.4,1,32.324,0.01,1,28.913,0.002,1,1,8.816666666666666,88.85,2023-12-21 13:59:32
2023-12-22,73422,24,R,A,1902594,1,3.49,2.4,1,33.456,0.01,1,28.7375,0.002,1,1,11.387391333333335,83.42028166666665,2023-12-22 09:55:11
2023-12-24,73868,141,D,A,2902770,1,0.1,2.4,1,32.5819,0.01,1,28.756,0.002,1,1,13.712,89.785,2023-12-24 23:33:33
2023-12-25,74171,183,D,A,2902775,1,0.1,2.4,1,32.70623,0.01,1,28.984,0.002,1,1,8.059,86.222,2023-12-25 05:35:20
2023-12-27,74374,11,D,A,5907082,1,0.3,2.4,1,33.351,0.01,1,28.086,0.002,1,1,11.683333333333334,83.66666666666667,2023-12-27 14:02:56
2023-12-28,74475,11,D,A,5907083,1,0.4,2.4,1,34.07347,0.016,2,28.124,0.002,1,1,13.933333333333334,86.35,2023-12-28 14:05:49
2023-12-29,74777,143,D,A,2902765,1,0.3,2.4,1,33.50372,0.01,1,28.431,0.002,1,1,10.892,83.55,2023-12-29 09:24:47
2023-12-30,74981,146,D,A,2902766,1,2.4,2.4,1,33.00127,0.01,1,28.651,0.002,1,1,13.801,87.89,2023-12-30 07:33:58
2023-12-31,75385,146,D,A,2902769,1,0.6,2.4,1,33.40417,0.01,1,28.83,0.002,1,1,5.002,87.227,2023-12-31 07:20:50
2024-01-01,75688,25,R,A,1902594,1,3.52,2.4,1,33.571,0.01,1,28.1949,0.002,1,1,10.936285333333334,83.46992916666667,2024-01-01 04:17:58
2024-01-04,76133,142,D,A,2902772,1,0.3,2.4,1,32.43847,0.01,1,27.911,0.002,1,1,15.272,89.042,2024-01-04 01:32:21
2024-01-06,76535,12,D,A,5907082,1,0.1,2.4,1,33.009,0.01,1,28.153,0.002,1,1,11.266666666666667,83.71666666666667,2024-01-06 14:09:38
2024-01-07,76637,12,D,A,5907083,1,0.2,2.4,1,34.16663,0.016,2,27.504,0.002,1,1,13.516666666666667,85.71666666666667,2024-01-07 14:07:55
2024-01-08,76938,144,D,A,2902765,1,0.3,2.4,1,33.05381,0.01,1,28.616,0.002,1,1,10.756,83.915,2024-01-08 11:33:04
2024-01-09,77241,12,D,A,4903776,1,0.2,2.4,1,32.077,0.01,1,28.309,0.002,1,1,12.066666666666666,89.45,2024-01-09 14:06:49
2024-01-10,77546,12,D,A,7901127,1,0.2,2.4,1,32.956,0.01,1,28.612,0.002,1,1,9.6,87.86666666666666,2024-01-10 14:08:34
2024-01-11,77989,26,D,A,6990608,1,0.1,2.4,1,32.625,0.01,1,28.463,0.002,1,1,8.25,89.26666666666667,2024-01-11 14:14:22
2024-01-14,78192,143,D,A,2902772,1,0.3,2.4,1,32.80384,0.01,1,27.341,0.002,1,1,15.517,89.012,2024-01-14 03:30:32
2024-01-16,78597,13,D,A,5907082,1,0.1,2.4,1,33.325,0.01,1,28.035,0.002,1,1,11.583333333333334,84.03333333333333,2024-01-16 14:01:01
2024-01-17,78699,13,D,A,4903775,1,0.4,2.4,1,33.071,0.01,1,27.473,0.002,1,1,14.216666666666667,86.43333333333334,2024-01-17 14:08:01
2024-01-18,79001,148,D,A,2902766,1,0.3,2.4,1,32.25586,0.01,1,27.978,0.002,1,1,13.571,87.463,2024-01-18 11:35:01
2024-01-19,79305,13,D,A,2903891,1,0.4,2.4,1,32.26,0.01,1,28.467,0.002,1,1,12.933333333333334,89.81666666666666,2024-01-19 14:09:26
2024-01-20,79611,13,D,A,6990609,1,0.0,2.4,1,32.726,0.01,1,28.544,0.002,1,1,9.15,89.75,2024-01-20 13:56:14
2024-01-21,80057,27,D,A,6990608,1,0.4,2.4,1,33.15,0.01,1,28.794,0.002,1,1,7.783333333333333,88.78333333333333,2024-01-21 13:55:58
2024-01-24,80261,144,D,A,2902770,1,0.1,2.4,1,32.36319,0.01,1,28.318,0.002,1,1,13.464,90.386,2024-01-24 05:27:40
2024-01-26,80663,14,D,A,5907082,1,0.4,2.4,1,33.348,0.01,1,27.942,0.002,1,1,12.016666666666667,84.01666666666667,2024-01-26 14:16:31
2024-01-27,80765,14,D,A,5907083,1,0.1,2.4,1,34.25504,0.016,2,27.87,0.002,1,1,13.366666666666667,84.51666666666667,2024-01-27 14:05:14
2024-01-28,81068,149,D,A,2902766,1,0.3,2.4,1,32.56644,0.01,1,27.6,0.002,1,1,13.617,87.558,2024-01-28 01:32:02
2024-01-29,81371,14,D,A,7901126,1,0.1,2.4,1,32.393,0.01,1,28.077,0.002,1,1,12.916666666666666,88.11666666666666,2024-01-29 14:03:30
2024-01-30,81676,28,R,A,1902594,1,3.54,2.4,1,32.777,0.01,1,28.0884,0.002,1,1,11.595913166666666,84.48296583333334,2024-01-30 11:30:52
2024-01-31,82121,28,D,A,6990608,1,2.8,2.4,1,33.265,0.01,1,29.27,0.002,1,1,7.4,88.36666666666666,2024-01-31 13:58:33
2024-02-03,82321,187,D,A,2902775,1,0.1,2.4,1,32.85962,0.01,1,28.803,0.002,1,1,9.695,84.585,2024-02-03 05:25:31
2024-02-05,82822,15,D,A,5907082,1,0.2,2.4,1,33.364,0.01,1,27.976,0.002,1,1,12.45,84.0,2024-02-05 14:01:52
2024-02-06,82924,15,D,A,5907083,1,0.2,2.4,1,34.30639,0.016,2,27.995,0.002,1,1,13.483333333333333,84.21666666666667,2024-02-06 14:07:37
2024-02-07,83326,15,D,A,7901125,1,0.1,2.4,1,32.05,0.01,1,26.976,0.002,1,1,14.433333333333334,89.41666666666667,2024-02-07 14:10:33
2024-02-08,83525,15,D,A,4903776,1,0.2,2.4,1,32.602,0.01,1,28.35,0.002,1,1,11.116666666666667,88.48333333333333,2024-02-08 13:55:55
2024-02-09,83831,29,R,A,1902594,1,3.48,2.4,1,32.8,0.01,1,28.1384,0.002,1,1,11.958073833333334,84.604505,2024-02-09 06:03:46
2024-02-10,84277,29,D,A,6990608,1,0.2,2.4,1,33.222,0.01,1,28.919,0.002,1,1,7.15,87.98333333333333,2024-02-10 13:59:25
2024-02-13,84481,188,D,A,2902775,1,0.2,2.4,1,32.28043,0.01,1,28.172,0.002,1,1,9.823,84.8,2024-02-13 05:36:51
2024-02-15,84978,16,D,A,5907082,1,0.2,2.4,1,33.256,0.01,1,27.793,0.002,1,1,12.7,83.51666666666667,2024-02-15 14:12:29
2024-02-16,85080,151,D,A,2902766,1,0.1,2.4,1,32.7723,0.01,1,27.444,0.002,1,1,13.945,88.072,2024-02-16 05:34:04
2024-02-17,85481,16,D,A,7901125,1,0.2,2.4,1,32.319,0.01,1,27.033,0.002,1,1,14.333333333333334,89.51666666666667,2024-02-17 14:07:01
2024-02-18,85684,16,D,A,7901126,1,0.2,2.4,1,32.778,0.01,1,27.458,0.002,1,1,13.066666666666666,88.28333333333333,2024-02-18 13:56:03
2024-02-19,85990,30,R,A,1902594,1,3.56,2.4,1,32.615,0.01,1,28.0571,0.002,1,1,12.095417000000001,84.73744533333333,2024-02-19 00:31:31
2024-02-20,86435,16,D,A,2903892,1,0.2,2.4,1,33.385,0.01,1,28.846,0.002,1,1,7.666666666666667,86.26666666666667,2024-02-20 13:50:19
2024-02-23,86639,189,D,A,2902775,1,0.1,2.4,1,32.99213,0.01,1,28.926,0.002,1,1,9.235,85.043,2024-02-23 05:24:56
2024-02-25,87142,17,D,A,5907082,1,0.3,2.4,1,33.249,0.01,1,28.237,0.002,1,1,12.383333333333333,83.45,2024-02-25 14:12:44
2024-02-26,87344,17,D,A,1902669,1,0.2,2.4,1,32.56,0.01,1,27.971,0.002,1,1,13.333333333333334,86.6,2024-02-26 13:58:28
2024-02-27,87643,17,D,A,7901125,1,0.1,2.4,1,32.57,0.01,1,28.316,0.002,1,1,14.1,89.48333333333333,2024-02-27 14:05:27
2024-02-28,87845,17,D,A,7901126,1,0.3,2.4,1,32.495,0.01,1,28.082,0.002,1,1,13.116666666666667,88.16666666666667,2024-02-28 14:02:53
2024-02-29,88390,17,D,A,7901127,1,0.2,2.4,1,34.022,0.01,1,29.223,0.002,1,1,9.116666666666667,89.21666666666667,2024-02-29 13:55:26
2024-03-01,88594,17,D,A,2903892,1,0.2,2.4,1,32.961,0.01,1,29.252,0.002,1,1,7.966666666666667,85.43333333333334,2024-03-01 14:04:19
2024-03-04,88798,190,D,A,2902775,1,0.3,2.4,1,33.35675,0.01,1,29.353,0.002,1,1,8.941,85.133,2024-03-04 05:32:26
2024-03-06,89299,153,D,A,2902766,1,0.1,2.4,1,32.57615,0.01,1,28.233,0.002,1,1,14.309,88.744,2024-03-06 09:34:44
2024-03-07,89503,18,D,A,1902669,1,0.2,2.4,1,32.648,0.01,1,28.383,0.002,1,1,13.483333333333333,86.7,2024-03-07 14:05:25
2024-03-08,89805,18,D,A,7901125,1,0.4,2.4,1,31.89,0.01,1,27.748,0.002,1,1,13.733333333333333,89.38333333333334,2024-03-08 14:09:02
2024-03-09,90006,32,R,A,1902594,1,3.5,2.4,1,32.649,0.01,1,28.3361,0.002,1,1,12.447086666666667,84.7401605,2024-03-09 13:29:13
2024-03-10,90554,18,D,A,7901127,1,0.4,2.4,1,33.584,0.01,1,29.131,0.002,1,1,8.733333333333333,89.15,2024-03-10 13:49:29
2024-03-11,90758,32,D,A,6990608,1,0.1,2.4,1,33.506,0.01,1,29.346,0.002,1,1,7.3,86.13333333333334,2024-03-11 14:00:52
2024-03-14,90962,191,D,A,2902775,1,0.2,2.4,1,33.41046,0.01,1,29.675,0.002,1,1,8.687,85.414,2024-03-14 05:15:27
2024-03-15,91462,154,D,A,2902766,1,0.3,2.4,1,31.84193,0.01,1,27.644,0.002,1,1,14.428,88.782,2024-03-15 23:28:19
2024-03-16,91562,19,D,A,5907082,1,0.2,2.4,1,32.861,0.01,1,28.938,0.002,1,1,12.933333333333334,82.96666666666667,2024-03-16 14:06:51
2024-03-17,91664,156,A,A,2902764,1,0.3,2.4,1,33.757,0.016,1,29.582,0.002,1,1,5.335,87.628,2024-03-17 01:45:51
2024-03-18,92065,19,D,A,7901125,1,0.4,2.4,1,31.912,0.01,1,28.099,0.002,1,1,13.283333333333333,89.16666666666667,2024-03-18 14:00:04
2024-03-19,92164,151,D,A,2902765,1,0.3,2.4,1,32.84451,0.01,1,28.693,0.002,1,1,12.428,85.895,2024-03-19 01:37:11
2024-03-20,92813,19,D,A,7901127,1,0.2,2.4,1,32.739,0.01,1,29.791,0.002,1,1,8.65,89.13333333333334,2024-03-20 13:55:34
2024-03-21,93017,19,D,A,2903892,1,0.2,2.4,1,32.834,0.01,1,29.144,0.002,1,1,7.983333333333333,84.9,2024-03-21 13:55:49
2024-03-24,93220,192,D,A,2902775,1,0.0,2.4,1,33.0952,0.01,1,29.669,0.002,1,1,8.422,85.673,2024-03-24 05:27:08
2024-03-25,93722,155,D,A,2902766,1,1.7,2.4,1,31.96796,0.01,1,28.39,0.002,1,1,14.643,88.682,2024-03-25 13:34:37
2024-03-26,93822,20,D,A,5907082,1,0.3,2.4,1,32.785,0.01,1,29.141,0.002,1,1,13.2,82.3,2024-03-26 14:05:55
2024-03-27,93924,157,A,A,2902764,1,0.3,2.4,1,33.576,0.01,1,30.358,0.002,1,1,5.055,88.15,2024-03-27 03:44:19
2024-03-28,94329,20,D,A,7901125,1,0.2,2.4,1,32.125,0.01,1,28.352,0.002,1,1,13.05,89.06666666666666,2024-03-28 14:05:20
2024-03-29,94431,34,R,A,1902594,1,3.44,2.4,1,32.905,0.01,1,29.1491,0.002,1,1,12.679380333333333,85.30311066666667,2024-03-29 02:30:44
2024-03-30,95077,20,D,A,7901127,1,0.2,2.4,1,32.84,0.01,1,30.391,0.002,1,1,8.8,89.06666666666666,2024-03-30 14:00:07
2024-03-31,95281,34,D,A,6990608,1,3.1,2.4,1,33.084,0.01,1,30.668,0.002,1,1,7.033333333333333,85.86666666666666,2024-03-31 13:51:19
2024-04-03,95481,193,D,A,2902775,1,0.0,2.4,1,32.95133,0.03173,1,31.171,0.002,1,1,8.292,85.632,2024-04-03 05:21:55
2024-04-04,95991,156,D,A,2902766,1,0.2,2.4,1,32.0349,0.01,1,29.05,0.002,1,1,14.514,88.722,2024-04-04 03:23:25
2024-04-05,96093,156,D,A,2902769,1,0.1,2.4,1,33.16962,0.01,1,30.522,0.002,1,1,5.248,83.31,2024-04-05 03:27:48
2024-04-06,96296,21,D,A,5907083,1,0.2,2.4,1,34.33276,0.016,2,29.97,0.002,1,1,13.8,84.2,2024-04-06 14:08:27
2024-04-07,96597,21,D,A,7901125,1,2.8,2.4,1,31.823,0.01,1,29.47,0.002,1,1,12.866666666666667,89.08333333333333,2024-04-07 14:10:32
2024-04-08,96938,153,D,A,2902765,1,0.1,2.4,1,32.52653,0.03291,1,31.025,0.002,1,1,12.529,86.1,2024-04-08 05:35:25
2024-04-09,97343,21,D,A,7901127,1,0.4,2.4,1,32.242,0.01,1,30.829,0.002,1,1,9.016666666666667,88.98333333333333,2024-04-09 13:58:00
2024-04-10,97547,21,D,A,2903892,1,0.3,2.4,1,33.548,0.01,1,31.116,0.002,1,1,7.316666666666666,84.65,2024-04-10 13:58:49
2024-04-13,97751,194,D,A,2902775,1,0.1,2.4,1,32.93866,0.01,1,30.872,0.002,1,1,8.162,85.43,2024-04-13 05:39:32
2024-04-14,98357,157,D,A,2902769,1,0.0,2.4,1,33.61854,0.01,1,30.656,0.002,1,1,5.234,83.904,2024-04-14 17:35:34
2024-04-15,98457,22,D,A,5907082,1,3.0,2.4,1,33.115,0.01,1,30.535,0.002,1,1,13.45,81.38333333333334,2024-04-15 14:11:49
2024-04-16,98556,22,D,A,1902669,1,0.3,2.4,1,32.108,0.01,1,30.448,0.002,1,1,14.133333333333333,87.16666666666667,2024-04-16 13:58:52
2024-04-17,98858,22,D,A,7901125,1,0.4,2.4,1,32.134,0.01,1,30.445,0.002,1,1,12.883333333333333,89.25,2024-04-17 14:14:54
2024-04-18,99202,154,D,A,2902765,1,0.2,2.4,1,32.78699,0.01,1,30.629,0.002,1,1,12.898,86.071,2024-04-18 07:33:37
2024-04-19,99609,22,D,A,7901127,1,0.1,2.4,1,32.021,0.01,1,31.703,0.002,1,1,9.333333333333334,88.86666666666666,2024-04-19 14:05:43
2024-04-20,99810,36,D,A,6990608,1,0.1,2.4,1,32.863,0.01,1,31.74,0.002,1,1,7.083333333333333,85.66666666666667,2024-04-20 13:59:55
2024-04-23,100011,195,D,A,2902775,1,0.0,2.4,1,32.73431,0.01,1,31.591,0.002,1,1,7.904,85.101,2024-04-23 05:25:59
2024-04-25,100614,23,D,A,5907082,1,0.2,2.4,1,33.237,0.01,1,30.671,0.002,1,1,13.383333333333333,81.35,2024-04-25 14:00:26
2024-04-26,100716,23,D,A,4903775,1,0.4,2.4,1,32.496,0.01,1,30.875,0.002,1,1,13.816666666666666,86.21666666666667,2024-04-26 14:03:57
2024-04-27,101015,37,R,A,1902594,1,3.58,2.4,1,32.57,0.01,1,30.7425,0.002,1,1,13.319321666666667,86.03760150000001,2024-04-27 09:43:49
2024-04-28,101675,155,D,A,2902765,1,0.4,2.4,1,31.58237,0.0985,1,32.637,0.002,1,1,13.175,86.196,2024-04-28 09:26:22
2024-04-29,102083,1,D,A,1902681,1,3.1,2.4,1,32.366,0.01,1,31.558,0.002,1,1,11.971893333333334,88.016095,2024-04-29 05:48:00
2024-04-30,102807,37,D,A,6990608,1,0.0,2.4,1,32.423,0.01,1,31.783,0.002,1,1,6.916666666666667,85.91666666666667,2024-04-30 14:07:52
2024-05-02,103011,159,D,A,2902766,1,0.1,2.4,1,32.44146,0.01,1,31.002,0.002,1,1,13.342,88.808,2024-05-02 21:33:01
2024-05-03,103112,196,D,A,2902775,1,0.2,2.4,1,32.89245,0.01,1,31.776,0.002,1,1,7.611,84.722,2024-05-03 05:30:50
2024-05-04,103315,154,D,A,2902772,1,0.2,2.4,1,33.03279,0.01,1,30.424,0.002,1,1,15.771,87.507,2024-05-04 01:23:52
2024-05-05,104183,24,D,A,5907082,1,0.0,2.4,1,32.954,0.01,1,30.821,0.002,1,1,13.15,81.78333333333333,2024-05-05 14:03:59
2024-05-06,104285,2,D,A,2903434,1,0.44,2.4,1,33.63304,0.01005,1,32.1,0.002,1,1,11.49427,86.52956,2024-05-06 03:43:38
2024-05-07,105351,38,R,A,1902594,1,3.47,2.4,1,32.78,0.01001,1,31.1228,0.002,1,1,13.643139666666665,86.358362,2024-05-07 04:07:50
2024-05-08,106462,156,D,A,2902765,1,0.4,2.4,1,32.80819,0.01,1,31.761,0.002,1,1,13.38,86.475,2024-05-08 11:41:49
2024-05-09,107630,2,D,A,1902681,1,3.0,2.4,1,32.457,0.01,1,31.376,0.002,1,1,11.840833333333334,88.391195,2024-05-09 00:50:00
2024-05-10,108355,38,D,A,6990608,1,0.2,2.4,1,32.645,0.01,1,32.103,0.002,1,1,7.15,86.4,2024-05-10 14:11:55
2024-05-12,108558,160,D,A,2902766,1,0.0,2.4,1,32.56479,0.01,1,31.68,0.002,1,1,13.549,89.016,2024-05-12 11:37:25
2024-05-13,108658,197,D,A,2902775,1,0.2,2.4,1,32.2208,0.011,1,31.874,0.002,1,1,7.413,84.477,2024-05-13 05:27:22
2024-05-14,108954,155,D,A,2902770,1,0.2,2.4,1,32.56429,0.01,1,31.682,0.002,1,1,13.231,90.432,2024-05-14 03:23:47
2024-05-15,109259,2,D,A,7902190,1,4.26,2.4,1,33.5624,0.01,1,30.4624,0.002,1,1,17.604536,88.632164,2024-05-15 02:29:26
2024-05-16,110359,25,D,A,1902669,1,0.1,2.4,1,32.731,0.01,1,31.539,0.002,1,1,13.366666666666667,87.9,2024-05-16 13:59:06
2024-05-17,110904,25,D,A,7901125,1,0.1,2.4,1,32.353,0.01,1,32.642,0.002,1,1,14.8,90.33333333333333,2024-05-17 14:10:33
2024-05-18,111006,157,D,A,2902765,1,0.2,2.4,1,32.91025,0.01,1,31.622,0.002,1,1,13.226,86.748,2024-05-18 13:45:44
2024-05-19,111936,5,D,A,2903434,1,1.08,2.4,1,32.77371,0.01067,1,31.887,0.002,1,1,11.21343,86.88125,2024-05-19 05:58:36
2024-05-20,113140,39,D,A,6990608,1,0.2,2.4,1,33.207,0.01,1,31.072,0.002,1,1,7.533333333333333,86.88333333333334,2024-05-20 13:54:00
2024-05-22,113344,161,D,A,2902766,1,0.2,2.4,1,32.97096,0.01,1,31.187,0.002,1,1,14.153,89.312,2024-05-22 01:37:21
2024-05-23,113446,161,D,A,2902769,1,0.3,2.4,1,33.32848,0.01,1,30.271,0.002,1,1,6.144,85.045,2024-05-23 01:25:31
2024-05-24,113733,156,D,A,2902770,1,0.2,2.4,1,32.55984,0.01,1,30.894,0.002,1,1,13.027,90.184,2024-05-24 05:31:40
2024-05-25,115036,26,D,A,5907082,1,0.3,2.4,1,33.105,0.01,1,31.437,0.002,1,1,14.15,81.65,2024-05-25 14:20:26
2024-05-26,115138,26,R,A,4903775,1,0.1,2.4,1,32.96,0.016,1,30.534,0.002,1,1,13.483333333333333,87.25,2024-05-26 14:02:19
2024-05-27,115686,26,D,A,7901125,1,0.3,2.4,1,32.736,0.01,1,30.475,0.002,1,1,15.116666666666667,90.41666666666667,2024-05-27 14:05:26
2024-05-28,115787,26,D,A,7901126,1,0.3,2.4,1,32.795,0.01,1,30.072,0.002,1,1,11.583333333333334,87.91666666666667,2024-05-28 13:52:20
2024-05-29,116717,6,D,A,2903434,1,1.0,2.4,1,32.83786,0.01,1,29.964,0.002,1,1,11.11043,87.19903,2024-05-29 12:36:12
2024-05-30,117896,40,D,A,6990608,1,0.1,2.4,1,33.562,0.01,1,29.965,0.002,1,1,7.73041,87.35132,2024-05-30 14:08:20
2024-05-31,118100,162,D,A,2902766,1,2.6,2.4,1,33.29541,0.01155,1,30.752,0.002,1,1,14.787,89.488,2024-05-31 15:39:56
2024-06-01,118197,162,D,A,2902769,1,0.0,2.4,1,33.74669,0.01,1,29.394,0.002,1,1,6.295,85.071,2024-06-01 15:26:59
2024-06-02,118295,199,D,A,2902775,1,0.3,2.4,1,33.38286,0.01,1,29.665,0.002,1,1,7.615,84.973,2024-06-02 05:34:28
2024-06-03,118498,157,D,A,2902770,1,0.3,2.4,1,32.72262,0.01,1,30.185,0.002,1,1,12.65,89.754,2024-06-03 07:26:31
2024-06-04,118802,27,D,A,5907082,1,0.2,2.4,1,33.326,0.01,1,30.748,0.002,1,1,14.3,81.03333333333333,2024-06-04 14:16:04
2024-06-05,118904,41,R,A,1902594,1,3.51,2.4,1,32.874,0.01,1,30.3223,0.002,1,1,12.608950166666666,86.97463950000001,2024-06-05 11:18:29
2024-06-06,119448,27,D,A,7901125,1,0.2,2.4,1,32.643,0.01,1,29.923,0.002,1,1,15.2,90.21666666666667,2024-06-06 14:11:51
2024-06-07,119550,5,D,A,1902681,1,3.0,2.4,1,32.809,0.01,1,30.216,0.002,1,1,13.882355,89.36133333333333,2024-06-07 09:48:00
2024-06-08,120477,27,D,A,7901127,1,0.4,2.4,1,32.679,0.01,1,29.867,0.002,1,1,10.5,89.75,2024-06-08 14:02:41
2024-06-09,121685,41,D,A,6990608,1,0.0,2.4,1,33.664,0.01,1,29.596,0.002,1,1,7.066666666666666,87.48333333333333,2024-06-09 13:38:04
2024-06-10,121888,163,D,A,2902766,1,0.2,2.4,1,33.1568,0.01,1,29.828,0.002,1,1,15.431,89.32,2024-06-10 05:33:33
2024-06-11,121989,163,D,A,2902769,1,0.2,2.4,1,33.18592,0.01,1,29.646,0.002,1,1,6.124,84.849,2024-06-11 05:15:39
2024-06-12,122089,200,D,A,2902775,1,0.0,2.4,1,33.44729,0.01,1,29.453,0.002,1,1,7.376,85.349,2024-06-12 05:32:44
2024-06-13,122291,158,D,A,2902772,1,175.5,2.4,1,34.91673,0.01006,1,16.37,0.002,1,1,14.963,87.032,2024-06-13 09:25:56
2024-06-14,123566,28,D,A,5907082,1,0.2,2.4,1,33.63,0.01,1,30.782,0.002,1,1,14.516666666666667,80.7,2024-06-14 14:02:34
2024-06-15,123668,42,R,A,1902594,1,3.46,2.4,1,32.995,0.01,1,29.8713,0.002,1,1,12.160494000000002,86.80537083333333,2024-06-15 05:43:33
2024-06-16,124211,28,D,A,7901125,1,0.1,2.4,1,32.949,0.01,1,29.678,0.002,1,1,15.266666666666667,89.91666666666667,2024-06-16 14:07:55
2024-06-17,124633,28,D,A,7901126,1,0.1,2.4,1,33.006,0.01,1,29.961,0.002,1,1,12.7,88.03333333333333,2024-06-17 14:04:03
2024-06-18,125039,28,D,A,7901127,1,0.0,2.4,1,33.025,0.01,1,29.745,0.002,1,1,10.416666666666666,89.95,2024-06-18 14:00:31
2024-06-19,125242,8,D,A,2903434,1,1.08,2.4,1,32.88387,0.01,1,29.809,0.002,1,1,11.18108,87.86917,2024-06-19 01:40:41
2024-06-20,126552,164,D,A,2902769,1,1.7,2.4,1,33.91193,0.01,1,29.093,0.002,1,1,5.595,84.178,2024-06-20 19:10:46
2024-06-22,126651,201,D,A,2902775,1,0.2,2.4,1,33.28746,0.01,1,29.785,0.002,1,1,6.993,85.526,2024-06-22 05:26:27
2024-06-23,126854,159,D,A,2902770,1,0.3,2.4,1,32.79988,0.01,1,29.768,0.002,1,1,12.167,88.703,2024-06-23 11:28:13
2024-06-24,127158,29,D,A,5907082,1,0.0,2.4,1,33.961,0.01,1,29.814,0.002,1,1,14.85,80.63333333333334,2024-06-24 14:02:13
2024-06-25,127260,43,R,A,1902594,1,3.55,2.4,1,32.903,0.01,1,29.5903,0.002,1,1,11.838505999999999,86.53250716666668,2024-06-25 00:09:54
2024-06-26,127808,29,D,A,7901125,1,0.2,2.4,1,32.422,0.01,1,29.206,0.002,1,1,15.316666666666666,89.66666666666667,2024-06-26 14:13:04
2024-06-27,128432,29,D,A,7901126,1,0.2,2.4,1,32.955,0.01,1,29.625,0.002,1,1,13.666666666666666,88.25,2024-06-27 14:08:02
2024-06-28,128840,29,D,A,7901127,1,0.2,2.4,1,33.24,0.01,1,29.588,0.002,1,1,10.2,90.06666666666666,2024-06-28 13:57:49
2024-06-29,129044,9,D,A,2903434,1,1.08,2.4,1,32.97791,0.01,1,29.734,0.002,1,1,11.79457,87.73091,2024-06-29 08:18:11
2024-06-30,130353,165,D,A,2902769,1,0.1,2.4,1,34.53773,0.01,1,29.504,0.002,1,1,5.118,83.084,2024-06-30 09:28:58
2024-07-02,130454,202,D,A,2902775,1,0.0,2.4,1,33.59359,0.01,1,29.313,0.002,1,1,6.806,85.4,2024-07-02 05:24:29
2024-07-03,130554,7,D,A,7902190,1,4.23,2.4,1,33.37353,0.01,1,29.5611,0.002,1,1,17.924667,87.715317,2024-07-03 11:35:02
2024-07-04,131855,30,D,A,5907082,1,0.2,2.4,1,33.236,0.01,1,29.55,0.002,1,1,15.333333333333334,81.01666666666667,2024-07-04 09:14:19
2024-07-05,132188,30,D,A,1902669,1,0.0,2.4,1,32.886,0.01,1,29.575,0.002,1,1,15.333333333333334,88.91666666666667,2024-07-05 14:13:09
2024-07-06,132489,30,D,A,7901125,1,0.2,2.4,1,32.418,0.01,1,29.34,0.002,1,1,15.316666666666666,89.35,2024-07-06 14:15:55
2024-07-07,133114,30,D,A,7901126,1,0.0,2.4,1,33.191,0.01,1,29.49,0.002,1,1,13.766666666666667,88.96666666666667,2024-07-07 14:01:01
2024-07-08,133519,30,D,A,6990609,1,0.2,2.4,1,33.447,0.01,1,29.332,0.002,1,1,8.516666666666667,90.63333333333334,2024-07-08 13:45:15
2024-07-09,133824,30,D,A,2903892,1,0.2,2.4,1,33.162,0.01,1,29.923,0.002,1,1,10.95,81.78333333333333,2024-07-09 14:02:02
2024-07-12,135033,203,D,A,2902775,1,0.2,2.4,1,33.25566,0.01,1,29.511,0.002,1,1,7.194,85.09,2024-07-12 05:25:54
2024-07-13,135235,8,D,A,7902190,1,4.28,2.4,1,32.9077,0.01,1,29.8627,0.002,1,1,18.061228,87.597588,2024-07-13 08:46:10
2024-07-14,136536,45,R,A,1902594,1,3.51,2.4,1,33.14,0.01,1,29.6519,0.002,1,1,11.486990333333331,86.14424783333334,2024-07-14 13:09:59
2024-07-15,136880,31,D,A,5907083,1,0.1,2.4,1,34.62291,0.016,2,29.078,0.002,1,1,15.066666666666666,84.48333333333333,2024-07-15 13:58:43
2024-07-16,137181,9,D,A,1902681,1,3.0,2.4,1,33.058,0.01,1,29.369,0.002,1,1,12.894805,87.539545,2024-07-16 13:48:00
2024-07-17,137804,31,D,A,4903776,1,0.1,2.4,1,33.041,0.01,1,29.474,0.002,1,1,10.383333333333333,89.45,2024-07-17 14:06:29
2024-07-18,138110,163,D,A,2902765,1,0.1,2.4,1,33.09889,0.01,1,29.489,0.002,1,1,11.271,86.309,2024-07-18 01:33:22
2024-07-19,138509,45,D,A,6990608,1,0.0,2.4,1,33.639,0.01,1,29.155,0.002,1,1,6.933333333333334,86.5,2024-07-19 13:49:39
2024-07-22,138713,204,D,A,2902775,1,0.4,2.4,1,33.60492,0.01,1,29.217,0.002,1,1,7.943,85.17,2024-07-22 05:30:25
2024-07-23,138914,9,D,A,7902190,1,4.12,2.4,1,33.17493,0.01,1,28.3224,0.002,1,1,18.162889,87.473656,2024-07-23 05:52:53
2024-07-24,140212,46,R,A,1902594,1,3.51,2.4,1,33.155,0.01,1,29.504,0.002,1,1,11.483495333333334,86.09934433333335,2024-07-24 07:31:46
2024-07-25,140556,32,D,A,4903775,1,0.3,2.4,1,33.202,0.01,1,28.959,0.002,1,1,12.583333333333334,88.58333333333333,2024-07-25 13:56:42
2024-07-26,140857,10,D,A,1902681,1,2.9,2.4,1,33.054,0.01,1,29.121,0.002,1,1,13.180801666666667,87.08568666666666,2024-07-26 08:41:00
2024-07-27,141481,32,D,A,4903776,1,0.2,2.4,1,33.005,0.01,1,29.393,0.002,1,1,10.0,89.36666666666666,2024-07-27 13:55:25
2024-07-28,141787,164,D,A,2902765,1,0.4,2.4,1,33.12414,0.01,1,29.493,0.002,1,1,11.298,86.265,2024-07-28 03:18:34
2024-07-29,142190,32,D,A,2903892,1,0.4,2.4,1,33.194,0.01,1,29.51,0.002,1,1,12.65,82.66666666666667,2024-07-29 14:02:50
2024-08-01,142394,205,D,A,2902775,1,0.0,2.4,1,33.9867,0.01,1,28.656,0.002,1,1,8.115,85.794,2024-08-01 05:07:32
2024-08-02,142598,10,D,A,7902190,1,4.1,2.4,1,31.52369,0.01,1,29.1117,0.002,1,1,18.161999,87.577057,2024-08-02 02:49:43
2024-08-03,143898,47,R,A,1902594,1,3.52,2.4,1,33.19,0.01,1,29.6876,0.002,1,1,11.492631166666667,86.04416799999998,2024-08-03 02:13:33
2024-08-04,144241,33,D,A,4903775,1,0.3,2.4,1,33.466,0.01,1,29.516,0.002,1,1,12.116666666666667,87.81666666666666,2024-08-04 14:03:09
2024-08-05,144544,11,D,A,1902681,1,3.9,2.4,1,33.342,0.01,1,29.46,0.002,1,1,13.413955,87.0983,2024-08-05 03:52:00
2024-08-06,145166,33,D,A,4903776,1,0.1,2.4,1,33.041,0.01,1,29.408,0.002,1,1,9.733333333333333,89.13333333333334,2024-08-06 13:39:55
2024-08-07,145574,165,D,A,2902765,1,0.1,2.4,1,33.1886,0.01,1,29.8,0.002,1,1,11.34,86.165,2024-08-07 05:24:58
2024-08-08,145878,47,D,A,6990608,1,0.1,2.4,1,34.164,0.01,1,29.664,0.002,1,1,5.966666666666667,87.33333333333333,2024-08-08 13:56:19
2024-08-09,146081,12,D,A,5907086,1,3.4,2.4,1,33.823,0.01,1,29.615,0.002,1,1,5.355571666666667,88.500655,2024-08-09 22:38:00
2024-08-11,146602,206,D,A,2902775,1,0.0,2.4,1,34.35564,0.01,1,29.252,0.002,1,1,7.387,85.7,2024-08-11 05:21:09
2024-08-12,147803,48,R,A,1902594,1,3.52,2.4,1,33.245,0.01,1,29.7154,0.002,1,1,11.448958333333334,85.83429516666665,2024-08-12 20:43:25
2024-08-13,148344,34,D,A,5907082,1,0.3,2.4,1,33.702,0.01,1,30.317,0.002,1,1,15.3,81.55,2024-08-13 14:04:52
2024-08-14,148445,34,D,A,5907083,1,0.3,2.4,1,34.63563,0.016,2,30.254,0.002,1,1,14.383333333333333,84.73333333333333,2024-08-14 14:05:22
2024-08-15,149273,34,D,A,7901125,1,0.3,2.4,1,32.851,0.01,1,29.929,0.002,1,1,14.133333333333333,88.7,2024-08-15 14:07:59
2024-08-16,149375,170,D,A,2902766,1,0.4,2.4,1,32.90678,0.01,1,29.851,0.002,1,1,15.732,89.056,2024-08-16 07:37:53
2024-08-17,149783,166,D,A,2902765,1,0.3,2.4,1,33.39204,0.01,1,29.898,0.002,1,1,11.262,85.92,2024-08-17 07:26:55
2024-08-18,150088,48,D,A,6990608,1,0.3,2.4,1,34.814,0.01,1,29.123,0.002,1,1,6.95,87.58333333333333,2024-08-18 13:48:38
2024-08-19,150292,13,D,A,5907086,1,3.1,2.4,1,33.305,0.01,1,29.372,0.002,1,1,5.703343333333334,88.69265833333333,2024-08-19 17:47:00
2024-08-21,150800,207,D,A,2902775,1,0.1,2.4,1,34.12254,0.01,1,29.235,0.002,1,1,6.369,85.321,2024-08-21 05:14:31
2024-08-22,151002,49,R,A,1902594,1,3.49,2.4,1,33.195,0.01,1,29.7262,0.002,1,1,11.396916833333334,85.51927216666667,2024-08-22 15:10:55
2024-08-23,151545,35,D,A,5907082,1,0.1,2.4,1,33.455,0.01,1,30.015,0.002,1,1,15.4,81.41666666666667,2024-08-23 14:10:44
2024-08-24,151646,35,D,A,4903775,1,0.1,2.4,1,33.657,0.01,1,29.323,0.002,1,1,11.666666666666666,86.88333333333334,2024-08-24 14:06:28
2024-08-25,152474,35,D,A,7901125,1,0.2,2.4,1,33.048,0.01,1,29.63,0.002,1,1,13.516666666666667,88.55,2024-08-25 14:00:25
2024-08-26,152678,35,D,A,4903776,1,0.4,2.4,1,33.975,0.01,1,29.282,0.002,1,1,9.6,89.01666666666667,2024-08-26 13:28:34
2024-08-27,152984,167,D,A,2902765,1,0.1,2.4,1,33.22667,0.01,1,29.66,0.002,1,1,11.264,85.672,2024-08-27 09:24:26
2024-08-28,153287,49,D,A,6990608,1,0.4,2.4,1,33.988,0.01,1,29.37,0.002,1,1,7.683333333333334,87.95,2024-08-28 13:51:55
2024-08-29,153490,14,D,A,5907086,1,3.0,2.4,1,33.293,0.01,1,29.333,0.002,1,1,5.273903333333333,88.60988,2024-08-29 12:40:00
2024-08-31,154012,208,D,A,2902775,1,0.3,2.4,1,34.23455,0.01,1,29.266,0.002,1,1,6.263,85.829,2024-08-31 05:22:55
2024-09-01,154215,50,R,A,1902594,1,3.5,,1,33.089,,1,29.0269,,1,1,11.454310333333334,85.11608116666666,2024-09-01 09:43:55
2024-09-02,154457,166,D,A,2902772,1,0.2,2.4,1,32.82806,0.01,1,28.474,0.002,1,1,15.431,86.193,2024-09-02 01:27:29
2024-09-03,154863,14,D,A,1902681,1,3.1,2.4,1,33.205,0.01,1,29.443,0.002,1,1,12.675966666666667,86.41900166666667,2024-09-03 12:49:00
2024-09-04,155688,172,A,A,2902766,1,0.2,2.4,1,32.825,0.01,1,29.144,0.002,1,1,15.041,88.613,2024-09-04 11:41:24
2024-09-05,155891,36,D,A,4903776,1,0.1,2.4,1,33.803,0.01,1,28.831,0.002,1,1,9.7,89.66666666666667,2024-09-05 13:47:16
2024-09-06,156196,168,D,A,2902765,1,0.1,2.4,1,34.02231,0.01,1,28.871,0.002,1,1,11.376,85.558,2024-09-06 11:36:56
2024-09-07,156502,50,D,A,6990608,1,0.2,2.4,1,33.889,0.01,1,29.004,0.002,1,1,7.833333333333333,88.5,2024-09-07 13:57:26
2024-09-10,156706,209,D,A,2902775,1,0.3,2.4,1,33.61387,0.01,1,29.087,0.002,1,1,7.242,86.656,2024-09-10 05:16:14
2024-09-11,157907,51,R,A,1902594,1,3.55,,1,33.162,,1,29.0587,,1,1,11.616882166666668,84.81672116666665,2024-09-11 04:07:25
2024-09-12,158149,168,D,A,2902768,1,0.3,2.4,1,33.17718,0.01,1,29.141,0.002,1,1,14.087,83.783,2024-09-12 03:22:04
2024-09-13,158552,15,D,A,1902681,1,3.3,2.4,1,33.19,0.01,1,29.196,0.002,1,1,12.509593333333333,86.37164666666666,2024-09-13 07:44:00
2024-09-14,159373,173,A,A,2902766,1,0.1,2.4,1,33.083,0.01,1,29.074,0.002,1,1,14.854,88.338,2024-09-14 01:32:49
2024-09-15,159574,37,D,A,4903776,1,0.2,2.4,1,32.958,0.01,1,29.32,0.002,1,1,10.433333333333334,90.36666666666666,2024-09-15 13:56:33
2024-09-16,159778,169,D,A,2902765,1,0.0,2.4,1,34.43538,0.01,1,29.101,0.002,1,1,11.209,85.615,2024-09-16 13:20:19
2024-09-17,160081,51,D,A,6990608,1,0.4,2.4,1,33.778,0.01,1,29.215,0.002,1,1,8.083333333333334,88.83333333333333,2024-09-17 13:47:49
2024-09-20,160183,210,D,A,2902775,1,0.4,2.4,1,33.33141,0.01,1,29.126,0.002,1,1,7.491,87.632,2024-09-20 05:30:28
2024-09-22,161623,169,D,A,2902768,1,0.1,2.4,1,33.1091,0.01,1,29.288,0.002,1,1,13.474,84.435,2024-09-22 05:28:50
2024-09-23,162017,16,D,A,1902681,1,3.0,2.4,1,33.138,0.01,1,29.223,0.002,1,1,12.391316666666667,86.16528666666666,2024-09-23 02:51:00
2024-09-24,162944,38,D,A,7901125,1,0.1,2.4,1,32.239,0.01,1,29.115,0.002,1,1,12.333333333333334,88.35,2024-09-24 14:07:55
2024-09-25,163046,38,D,A,4903776,1,0.4,2.4,1,32.967,0.01,1,29.253,0.002,1,1,10.783333333333333,90.65,2024-09-25 14:09:35
2024-09-26,163352,38,D,A,6990609,1,0.3,2.4,1,33.792,0.01,1,29.213,0.002,1,1,8.483333333333333,90.45,2024-09-26 13:22:35
2024-09-27,163658,52,D,A,6990608,1,0.4,2.4,1,33.326,0.01,1,29.469,0.002,1,1,9.05,88.75,2024-09-27 13:57:06
2024-09-30,164381,211,D,A,2902775,1,0.0,2.4,1,33.99683,0.01,1,29.427,0.002,1,1,7.372,88.245,2024-09-30 05:28:28
2024-10-02,165820,170,D,A,2902768,1,0.4,2.4,1,33.17054,0.01,1,29.665,0.002,1,1,12.486,84.514,2024-10-02 07:28:49
2024-10-03,166732,175,A,A,2902766,1,0.1,2.4,1,31.23,0.016,1,29.642,0.002,1,1,14.475,88.034,2024-10-03 05:36:49
2024-10-04,167130,39,D,A,7901125,1,0.1,2.4,1,32.257,0.01,1,29.724,0.002,1,1,12.366666666666667,88.58333333333333,2024-10-04 14:07:43
2024-10-05,167232,39,D,A,7901126,1,0.1,2.4,1,32.556,0.01,1,29.632,0.002,1,1,11.583333333333334,88.68333333333334,2024-10-05 14:02:35
2024-10-06,167538,39,D,A,7901127,1,0.1,2.4,1,32.741,0.01,1,30.43,0.002,1,1,9.233333333333333,90.6,2024-10-06 13:53:39
2024-10-07,167842,53,D,A,6990608,1,0.1,2.4,1,34.121,0.01,1,29.874,0.002,1,1,9.95,88.85,2024-10-07 13:51:28
2024-10-10,168566,212,D,A,2902775,1,0.1,2.4,1,32.51804,0.06323,1,30.97,0.002,1,1,7.11,88.152,2024-10-10 05:26:25
2024-10-12,169007,171,D,A,2902768,1,0.1,2.4,1,32.88554,0.10266,1,31.56,0.002,1,1,11.549,84.207,2024-10-12 09:32:49
2024-10-13,170014,40,D,A,5907083,1,9.4,2.4,1,34.62942,0.016,2,30.096,0.002,1,1,12.983333333333333,85.48333333333333,2024-10-13 14:01:25
2024-10-14,170311,40,D,A,7901125,1,0.2,2.4,1,32.329,0.01,1,30.145,0.002,1,1,12.833333333333334,88.8,2024-10-14 14:20:36
2024-10-15,170413,40,D,A,4903776,1,0.2,2.4,1,32.918,0.01,1,29.953,0.002,1,1,10.85,90.55,2024-10-15 14:08:02
2024-10-16,170719,40,D,A,6990609,1,0.3,2.4,1,32.923,0.01,1,29.598,0.002,1,1,8.15,90.95,2024-10-16 13:42:55
2024-10-17,171025,54,D,A,6990608,1,0.1,2.4,1,33.198,0.01,1,29.56,0.002,1,1,9.883333333333333,89.06666666666666,2024-10-17 14:08:25
2024-10-20,171227,213,D,A,2902775,1,0.2,2.4,1,33.8487,0.01,1,29.316,0.002,1,1,6.499,87.712,2024-10-20 05:23:01
2024-10-21,171967,1,D,D,4903794,1,8.8,2.4,1,33.338,0.01,1,29.043,0.002,1,1,6.122088333333333,88.247225,2024-10-21 02:38:00
2024-10-22,172262,1,D,A,4903793,1,3.3,2.4,1,34.224,0.01,1,28.931,0.002,1,1,6.297206666666667,90.74278,2024-10-22 05:00:20
2024-10-23,173681,1,D,A,4903794,1,2.8,2.4,1,33.265,0.01,1,28.912,0.002,1,1,6.115283333333333,88.269455,2024-10-23 05:34:20
2024-10-24,174472,41,D,A,7901125,1,0.2,2.4,1,32.019,0.01,1,29.438,0.002,1,1,13.283333333333333,89.01666666666667,2024-10-24 14:08:43
2024-10-25,174574,41,D,A,4903776,1,0.4,2.4,1,33.204,0.01,1,29.216,0.002,1,1,10.75,90.36666666666666,2024-10-25 14:02:14
2024-10-26,174880,41,D,A,7901127,1,0.1,2.4,1,33.565,0.01,1,29.437,0.002,1,1,8.55,90.11666666666666,2024-10-26 13:41:25
2024-10-27,175185,20,D,A,5907086,1,3.1,2.4,1,33.763,0.01,1,29.327,0.002,1,1,5.005985,89.12061666666666,2024-10-27 06:23:00
2024-10-29,175912,56,R,A,1902594,1,3.48,,1,33.012,,1,29.7113,,1,1,11.054045166666667,84.44572733333334,2024-10-29 23:47:17
2024-10-30,176154,214,D,A,2902775,1,0.0,2.4,1,33.53243,0.01,1,29.199,0.002,1,1,6.21,87.742,2024-10-30 05:23:29
2024-10-31,177352,178,A,A,2902766,1,0.1,,1,32.647,,1,29.99,,1,1,14.919,87.831,2024-10-31 23:36:19
2024-11-01,177454,2,D,A,4903793,1,3.1,2.4,1,34.233,0.01,1,29.46,0.002,1,1,6.156838333333333,91.03116666666666,2024-11-01 00:29:20
2024-11-02,178865,2,D,A,4903794,1,2.9,2.4,1,33.177,0.01,1,29.239,0.002,1,1,6.572485,88.844945,2024-11-02 00:44:20
2024-11-03,179661,42,D,A,7901125,1,0.4,2.4,1,32.758,0.01,1,29.996,0.002,1,1,13.2,89.53333333333333,2024-11-03 14:11:16
2024-11-04,179763,42,D,A,4903776,1,2.9,2.4,1,33.019,0.01,1,30.068,0.002,1,1,10.566666666666666,90.11666666666666,2024-11-04 13:58:34
2024-11-05,180065,42,D,A,6990609,1,2.9,2.4,1,33.672,0.01,1,30.138,0.002,1,1,8.516666666666667,91.41666666666667,2024-11-05 13:38:49
2024-11-06,180361,21,D,A,5907086,1,3.0,2.4,1,33.568,0.01,1,29.401,0.002,1,1,5.379641666666667,88.97608333333334,2024-11-06 01:23:00
2024-11-08,181088,57,R,A,1902594,1,3.52,,1,33.189,,1,29.687,,1,1,11.615518999999999,84.84623233333332,2024-11-08 18:09:58
2024-11-09,181330,215,D,A,2902775,1,0.1,2.4,1,33.44202,0.01,1,29.562,0.002,1,1,6.832,88.088,2024-11-09 05:14:14
2024-11-10,181531,179,A,A,2902766,1,0.2,2.4,1,32.427,0.01,1,29.742,0.002,1,1,15.234,87.724,2024-11-10 13:37:48
2024-11-11,182126,21,D,A,1902681,1,3.0,2.4,1,33.09,0.01,1,29.685,0.002,1,1,13.058315,85.64871666666667,2024-11-11 02:00:00
2024-11-12,183522,43,D,A,4903775,1,0.0,2.4,1,32.623,0.01,1,29.797,0.002,1,1,12.866666666666667,89.0,2024-11-12 14:01:36
2024-11-13,183825,43,D,A,7901125,1,0.4,2.4,1,32.52,0.01,1,29.732,0.002,1,1,13.283333333333333,89.93333333333334,2024-11-13 14:19:40
2024-11-14,183927,43,D,A,7901126,1,0.2,2.4,1,33.052,0.01,1,29.766,0.002,1,1,12.033333333333333,88.7,2024-11-14 14:05:55
2024-11-15,184233,43,D,A,6990609,1,0.1,2.4,1,33.196,0.01,1,30.088,0.002,1,1,8.266666666666667,91.33333333333333,2024-11-15 13:31:28
2024-11-16,184959,175,D,A,2902765,1,0.3,2.4,1,33.58308,0.01,1,29.586,0.002,1,1,11.111,86.188,2024-11-16 01:21:21
2024-11-18,185265,58,R,A,1902594,1,3.48,,1,33.372,,1,29.6449,,1,1,11.8387505,85.26341566666666,2024-11-18 12:43:15
2024-11-19,185507,216,D,A,2902775,1,0.1,2.4,1,33.55721,0.01,1,30.232,0.002,1,1,7.503,88.195,2024-11-19 05:12:06
2024-11-20,185711,180,A,A,2902766,1,0.1,2.4,1,32.831,0.01,1,29.538,0.002,1,1,15.637,87.449,2024-11-20 03:37:55
2024-11-21,186793,44,D,A,5907082,1,0.2,2.4,1,32.04,0.01,1,28.943,0.002,1,1,11.5,82.36666666666666,2024-11-21 14:09:21
2024-11-22,187670,44,D,A,1902669,1,0.4,2.4,1,32.826,0.01,1,29.67,0.002,1,1,13.05,86.63333333333334,2024-11-22 14:03:56
2024-11-23,187972,44,D,A,7901125,1,0.2,2.4,1,32.255,0.01,1,29.412,0.002,1,1,13.866666666666667,89.9,2024-11-23 14:12:22
2024-11-24,188074,44,D,A,7901126,1,0.3,2.4,1,33.135,0.01,1,29.66,0.002,1,1,12.05,88.48333333333333,2024-11-24 14:10:32
2024-11-25,188380,44,D,A,7901127,1,0.1,2.4,1,33.392,0.01,1,29.213,0.002,1,1,7.683333333333334,90.6,2024-11-25 13:56:19
2024-11-26,188583,176,D,A,2902765,1,0.2,2.4,1,33.28896,0.01,1,29.238,0.002,1,1,10.669,86.432,2024-11-26 03:28:34
2024-11-28,188888,59,R,A,1902594,1,3.46,,1,33.339,,1,29.0428,,1,1,11.055690333333333,85.39649749999998,2024-11-28 07:16:02
2024-11-29,189130,217,D,A,2902775,1,0.2,2.4,1,33.86895,0.01,1,28.981,0.002,1,1,7.779,88.146,2024-11-29 05:20:34
2024-11-30,190429,5,D,A,4903793,1,2.9,2.4,1,34.213,0.01,1,29.428,0.002,1,1,6.65735,90.20344333333334,2024-11-30 09:38:20
2024-12-01,191438,5,D,A,4903794,1,3.2,2.4,1,34.235,0.01,1,29.524,0.002,1,1,7.1299133333333335,88.91146,2024-12-01 09:23:20
2024-12-02,192337,45,D,A,4903775,1,0.2,2.4,1,33.193,0.01,1,29.138,0.002,1,1,13.2,89.85,2024-12-02 14:02:54
2024-12-03,192638,45,D,A,7901125,1,0.1,2.4,1,32.501,0.01,1,29.148,0.002,1,1,14.216666666666667,89.45,2024-12-03 14:13:55
2024-12-04,192740,45,D,A,7901126,1,0.0,2.4,1,33.597,0.01,1,28.947,0.002,1,1,11.85,88.35,2024-12-04 14:05:31
2024-12-05,193046,45,D,A,7901127,1,0.4,2.4,1,33.757,0.01,1,29.296,0.002,1,1,7.466666666666667,90.68333333333334,2024-12-05 13:43:08
2024-12-06,193247,177,D,A,2902765,1,0.1,2.4,1,33.1412,0.01,1,29.085,0.002,1,1,11.028,86.883,2024-12-06 05:34:25
2024-12-08,193550,60,R,A,1902594,1,3.46,,1,33.33,,1,28.6268,,1,1,10.336085333333333,85.3639415,2024-12-08 01:46:07
2024-12-09,193792,218,D,A,2902775,1,0.0,2.4,1,34.02269,0.01,1,28.762,0.002,1,1,7.496,88.154,2024-12-09 05:27:28
2024-12-10,195095,6,D,A,4903793,1,3.1,2.4,1,33.97,0.01,1,28.859,0.002,1,1,7.052825,90.28952166666667,2024-12-10 04:40:20
2024-12-11,196106,6,D,A,4903794,1,2.9,2.4,1,33.691,0.01,1,28.689,0.002,1,1,6.971781666666667,88.50311666666667,2024-12-11 04:42:20
2024-12-12,197002,46,D,A,4903775,1,0.2,2.4,1,33.421,0.01,1,28.819,0.002,1,1,13.7,89.61666666666666,2024-12-12 00:05:23
2024-12-13,197264,46,D,A,7901125,1,0.3,2.4,1,32.797,0.01,1,28.686,0.002,1,1,14.55,89.31666666666666,2024-12-13 14:06:34
2024-12-14,197366,46,D,A,4903776,1,0.3,2.4,1,32.875,0.01,1,28.747,0.002,1,1,10.8,89.48333333333333,2024-12-14 14:03:58
2024-12-15,197671,46,D,A,7901127,1,0.1,2.4,1,33.886,0.01,1,29.071,0.002,1,1,7.566666666666666,91.23333333333333,2024-12-15 13:48:52
2024-12-16,197875,178,D,A,2902765,1,0.2,2.4,1,33.41191,0.01,1,28.772,0.002,1,1,11.625,87.078,2024-12-16 07:29:28
2024-12-17,198181,61,R,A,1902594,1,3.54,,1,33.169,,1,28.5575,,1,1,10.3268665,85.63165499999998,2024-12-17 20:11:38
2024-12-18,198423,183,A,A,2902766,1,0.1,2.4,1,32.289,0.01,1,28.109,0.002,1,1,16.608,87.345,2024-12-18 21:31:19
2024-12-19,198582,219,D,A,2902775,1,0.3,2.4,1,33.79781,0.01,1,29.085,0.002,1,1,7.417,88.039,2024-12-19 05:29:05
2024-12-20,200174,25,D,A,1902681,1,3.4,2.4,1,33.199,0.01,1,28.463,0.002,1,1,11.727715,84.827915,2024-12-20 06:02:00
2024-12-21,201187,47,D,A,5907082,1,0.0,2.4,1,33.263,0.01,1,27.603,0.002,1,1,13.9,82.28333333333333,2024-12-21 14:03:46
2024-12-22,201591,47,D,A,1902669,1,0.3,2.4,1,32.888,0.01,1,28.525,0.002,1,1,13.6,87.01666666666667,2024-12-22 14:01:19
2024-12-23,201891,47,D,A,7901125,1,0.4,2.4,1,32.798,0.01,1,28.075,0.002,1,1,14.633333333333333,89.45,2024-12-23 14:09:46
2024-12-24,201993,47,D,A,7901126,1,0.0,2.4,1,33.093,0.01,1,28.819,0.002,1,1,11.183333333333334,88.26666666666667,2024-12-24 14:09:49
2024-12-25,202298,26,D,A,5907086,1,3.3,2.4,1,34.092,0.01,1,29.356,0.002,1,1,5.026611666666667,88.21964833333334,2024-12-25 00:37:00
2024-12-26,203025,179,D,A,2902765,1,0.3,2.4,1,33.49643,0.01,1,28.924,0.002,1,1,12.016,87.301,2024-12-26 09:25:20
2024-12-27,203331,62,R,A,1902594,1,3.47,,1,33.935,,1,28.7357,,1,1,10.615407333333334,86.15001383333335,2024-12-27 14:39:01
2024-12-28,203573,184,A,A,2902766,1,0.2,,1,32.218,,1,27.601,,1,1,16.247,87.489,2024-12-28 11:32:32
2024-12-29,203675,220,D,A,2902775,1,0.4,2.4,1,33.905,0.01,1,29.006,0.002,1,1,7.498,88.046,2024-12-29 05:33:31
2024-12-30,205368,26,D,A,1902681,1,3.0,2.4,1,33.334,0.01,1,28.322,0.002,1,1,11.472015,84.53968333333333,2024-12-30 00:49:00
